Ctgy,AUN,School District,County,2018-19 Average Daily Membership,2018-19 Weighted Average Daily Membership,"Instruction
per ADM","Support Services
per ADM","Non-Instructional
per ADM","Current Exp
per ADM","Facilites, Acquistion & Construction
per ADM","Other Financing Uses
per ADM","Total Exp
per ADM","AIE
per WADM"
1,119350303,Abington Heights SD,Lackawanna,"3,452.33","3,940.75","$8,789.52 ","$3,924.84 ",$284.49 ,"$12,998.85 ",$0.00 ,"$1,063.83 ","$14,062.68 ",8720.18
1,123460302,Abington SD,Montgomery,"8,467.80","9,851.83","$10,818.56 ","$6,003.34 ",$190.75 ,"$17,012.65 ",$10.34 ,"$1,192.12 ","$18,215.11 ",11213.22
1,101260303,Albert Gallatin Area SD,Fayette,"3,407.06","4,009.87","$9,462.41 ","$4,943.45 ",$248.07 ,"$14,653.92 ",$4.34 ,"$1,209.62 ","$15,867.88 ",8123.69
1,127040503,Aliquippa SD,Beaver,"1,216.02","1,393.34","$11,449.09 ","$5,769.01 ",$355.13 ,"$17,573.23 ",$0.00 ,"$23,139.21 ","$40,712.43 ",10518.01
1,103020603,Allegheny Valley SD,Allegheny,912.563,"1,065.37","$12,868.74 ","$8,414.19 ",$719.42 ,"$22,002.35 ",$0.00 ,"$4,204.31 ","$26,206.66 ",14295.32
1,106160303,Allegheny-Clarion Valley SD,Clarion,688.815,804.862,"$14,116.06 ","$7,219.22 ",$446.43 ,"$21,781.71 ","$2,529.56 ","$1,126.91 ","$25,438.18 ",13782.46
1,121390302,Allentown City SD,Lehigh,"21,179.37","24,615.11","$11,011.75 ","$3,402.34 ",$197.09 ,"$14,611.19 ",$9.62 ,$981.39 ,"$15,602.20 ",8354.6
1,108070502,Altoona Area SD,Blair,"7,728.02","9,013.14","$9,149.57 ","$4,331.64 ",$277.44 ,"$13,758.66 ",$22.33 ,"$1,418.55 ","$15,199.54 ",7809.78
1,127040703,Ambridge Area SD,Beaver,"2,797.97","3,272.16","$10,639.38 ","$4,938.08 ",$349.48 ,"$15,926.94 ",$133.10 ,"$2,100.05 ","$18,160.10 ",9723.91
1,113380303,Annville-Cleona SD,Lebanon,"1,479.32","1,699.72","$8,787.00 ","$5,281.22 ",$510.55 ,"$14,578.78 ",$0.00 ,"$2,135.48 ","$16,714.26 ",9560.31
1,114060503,Antietam SD,Berks,"1,162.73","1,348.83","$10,182.08 ","$4,975.49 ",$345.46 ,"$15,503.03 ",$0.00 ,"$1,535.00 ","$17,038.03 ",10113.5
1,128030603,Apollo-Ridge SD,Armstrong,"1,234.75","1,460.41","$11,819.13 ","$6,495.57 ",$385.36 ,"$18,700.06 ",$142.02 ,"$1,401.18 ","$20,243.26 ",10633.03
1,128030852,Armstrong SD,Armstrong,"5,437.26","6,367.78","$11,099.85 ","$4,930.90 ",$242.28 ,"$16,273.03 ",$96.70 ,"$1,907.21 ","$18,276.94 ",8848.29
1,117080503,Athens Area SD,Bradford,"2,072.19","2,422.91","$10,990.37 ","$5,485.42 ",$314.88 ,"$16,790.67 ",$168.86 ,"$2,047.82 ","$19,007.35 ",10132.65
1,109530304,Austin Area SD,Potter,162.615,188.243,"$15,945.42 ","$8,989.90 ",$471.29 ,"$25,406.60 ",$0.00 ,$806.80 ,"$26,213.41 ",16678.53
1,101630504,Avella Area SD,Washington,530.772,628.951,"$11,433.60 ","$6,569.96 ",$739.90 ,"$18,743.46 ",$0.00 ,"$1,428.79 ","$20,172.24 ",11582.74
1,124150503,Avon Grove SD,Chester,"5,861.73","6,889.14","$10,382.82 ","$4,385.16 ",$222.68 ,"$14,990.66 ",$0.00 ,$986.37 ,"$15,977.04 ",10129.13
1,103020753,Avonworth SD,Allegheny,"1,845.79","2,133.50","$9,995.98 ","$5,018.25 ",$556.05 ,"$15,570.28 ",$0.00 ,"$2,093.46 ","$17,663.75 ",10432.87
1,110141003,Bald Eagle Area SD,Centre,"1,615.84","1,903.89","$10,749.98 ","$6,362.36 ",$484.10 ,"$17,596.44 ",$223.22 ,"$1,502.96 ","$19,322.62 ",11098.93
1,103021102,Baldwin-Whitehall SD,Allegheny,"4,495.71","5,276.77","$8,394.50 ","$4,416.58 ",$292.88 ,"$13,103.97 ",$83.77 ,"$1,786.90 ","$14,974.64 ",7839.82
1,120480803,Bangor Area SD,Northampton,"3,077.91","3,620.20","$10,760.50 ","$5,583.80 ",$453.53 ,"$16,797.83 ",$4.88 ,"$1,714.75 ","$18,517.45 ",10705.62
1,127041203,Beaver Area SD,Beaver,"2,075.36","2,450.28","$8,062.24 ","$6,008.31 ",$431.35 ,"$14,501.90 ",$0.00 ,"$1,434.70 ","$15,936.61 ",8696.9
1,108051003,Bedford Area SD,Bedford,"1,958.48","2,313.70","$8,590.38 ","$4,971.58 ",$325.99 ,"$13,887.95 ",$0.00 ,"$1,102.09 ","$14,990.03 ",8175.48
1,107650603,Belle Vernon Area SD,Westmoreland,"2,527.41","2,965.28","$9,301.91 ","$4,279.26 ",$497.46 ,"$14,078.63 ",$5.40 ,"$1,166.66 ","$15,250.69 ",8455.25
1,110141103,Bellefonte Area SD,Centre,"2,773.59","3,249.43","$11,058.88 ","$7,280.81 ",$360.17 ,"$18,699.86 ",$0.00 ,"$1,421.14 ","$20,121.00 ",11809.83
1,108071003,Bellwood-Antis SD,Blair,"1,267.59","1,478.83","$8,114.69 ","$4,358.92 ",$411.05 ,"$12,884.67 ",$0.00 ,"$1,925.45 ","$14,810.12 ",7842.71
1,122091002,Bensalem Township SD,Bucks,"7,871.64","9,199.38","$12,461.35 ","$4,957.61 ",$199.64 ,"$17,618.61 ",$0.00 ,"$2,326.72 ","$19,945.33 ",11481.7
1,116191004,Benton Area SD,Columbia,695.907,819.312,"$10,561.38 ","$6,471.38 ",$407.32 ,"$17,440.09 ",$0.00 ,"$1,401.12 ","$18,841.21 ",10926.39
1,101630903,Bentworth SD,Washington,"1,128.47","1,324.53","$9,250.76 ","$4,709.28 ",$419.18 ,"$14,379.22 ",$346.90 ,"$1,954.92 ","$16,681.04 ",8792.88
1,108561003,Berlin Brothersvalley SD,Somerset,724.823,846.482,"$9,112.61 ","$4,727.74 ",$521.41 ,"$14,361.75 ",$0.00 ,"$1,868.04 ","$16,229.79 ",8641.19
1,112011103,Bermudian Springs SD,Adams,"2,030.64","2,387.22","$8,763.58 ","$4,294.04 ",$474.81 ,"$13,532.42 ",$0.00 ,"$4,362.11 ","$17,894.53 ",8251.49
1,116191103,Berwick Area SD,Columbia,"3,012.77","3,513.71","$10,148.21 ","$4,433.65 ",$335.29 ,"$14,917.16 ","$1,028.97 ","$6,025.82 ","$21,971.94 ",9412.24
1,103021252,Bethel Park SD,Allegheny,"4,155.64","4,798.96","$12,605.58 ","$5,454.73 ",$367.93 ,"$18,428.24 ",$80.68 ,"$1,843.83 ","$20,352.75 ",12408.19
1,120481002,Bethlehem Area SD,Northampton,"15,766.25","18,483.68","$11,377.20 ","$4,514.58 ",$226.58 ,"$16,118.35 ",$9.93 ,"$1,585.49 ","$17,713.77 ",10741.8
1,101631003,Bethlehem-Center SD,Washington,"1,217.52","1,432.56","$11,527.06 ","$5,450.97 ",$330.57 ,"$17,308.59 ",$87.79 ,$452.89 ,"$17,849.28 ",9947.36
1,127041503,Big Beaver Falls Area SD,Beaver,"1,810.18","2,099.60","$9,574.86 ","$4,931.88 ",$401.38 ,"$14,908.12 ",$439.62 ,"$1,081.14 ","$16,428.88 ",8834.94
1,115210503,Big Spring SD,Cumberland,"2,593.29","3,036.44","$11,401.02 ","$5,630.04 ",$381.84 ,"$17,412.91 ",$0.00 ,"$2,025.38 ","$19,438.28 ",11236.65
1,127041603,Blackhawk SD,Beaver,"2,401.04","2,808.86","$9,006.24 ","$4,512.85 ",$503.37 ,"$14,022.46 ",$2.86 ,"$1,940.43 ","$15,965.75 ",9056.65
1,108110603,Blacklick Valley SD,Cambria,666.029,771.257,"$8,661.78 ","$5,663.99 ",$567.23 ,"$14,893.00 ",$0.00 ,"$11,816.65 ","$26,709.65 ",8209.8
1,128321103,Blairsville-Saltsburg SD,Indiana,"1,535.16","1,796.15","$13,058.61 ","$6,531.86 ",$545.42 ,"$20,135.89 ",$0.00 ,"$1,724.61 ","$21,860.50 ",11965.54
1,116191203,Bloomsburg Area SD,Columbia,"1,645.32","1,929.30","$9,542.76 ","$5,167.90 ",$458.96 ,"$15,169.62 ",$0.00 ,"$1,376.75 ","$16,546.37 ",9520.35
1,129540803,Blue Mountain SD,Schuylkill,"2,642.22","3,134.98","$9,048.93 ","$5,438.13 ",$437.80 ,"$14,924.87 ",$40.51 ,"$1,642.74 ","$16,608.12 ",8828.79
1,119581003,Blue Ridge SD,Susquehanna,"1,002.39","1,129.12","$11,523.55 ","$6,310.54 ",$407.33 ,"$18,241.42 ",$0.00 ,$650.05 ,"$18,891.47 ",11703
1,114060753,Boyertown Area SD,Berks,"7,072.41","8,089.49","$10,553.01 ","$4,685.38 ",$224.45 ,"$15,462.84 ",$0.00 ,"$1,141.62 ","$16,604.45 ",10236.56
1,109420803,Bradford Area SD,McKean,"2,551.45","2,988.93","$9,330.69 ","$5,062.76 ",$362.47 ,"$14,755.91 ",$25.54 ,"$1,037.27 ","$15,818.71 ",8356.55
1,114060853,Brandywine Heights Area SD,Berks,"1,438.31","1,695.93","$12,042.50 ","$6,389.02 ",$529.28 ,"$18,960.80 ",$133.27 ,"$2,724.08 ","$21,818.15 ",12338.96
1,103021453,Brentwood Borough SD,Allegheny,"1,257.84","1,471.53","$11,772.48 ","$4,940.52 ",$605.38 ,"$17,318.38 ",$86.98 ,"$1,394.07 ","$18,799.43 ",11235.11
1,122091303,Bristol Borough SD,Bucks,"1,377.15","1,602.58","$12,940.48 ","$3,808.01 ",$238.20 ,"$16,986.69 ",$178.04 ,"$1,627.75 ","$18,792.48 ",10764.6
1,122091352,Bristol Township SD,Bucks,"7,241.78","8,452.92","$12,548.16 ","$4,713.20 ",$176.81 ,"$17,438.16 ",$0.00 ,"$1,595.03 ","$19,033.19 ",11371.66
1,106330703,Brockway Area SD,Jefferson,"1,011.98","1,186.90","$9,761.81 ","$5,074.35 ",$531.03 ,"$15,367.19 ",$162.60 ,$0.00 ,"$15,529.79 ",9394.75
1,106330803,Brookville Area SD,Jefferson,"1,566.21","1,835.48","$8,872.99 ","$5,074.84 ",$359.86 ,"$14,307.70 ",$42.85 ,"$1,347.74 ","$15,698.28 ",8311.66
1,101260803,Brownsville Area SD,Fayette,"1,689.84","1,976.58","$10,359.07 ","$5,060.83 ",$335.75 ,"$15,755.65 ",$0.00 ,"$8,433.55 ","$24,189.20 ",8802.15
1,101631203,Burgettstown Area SD,Washington,"1,113.77","1,308.59","$10,898.07 ","$5,767.44 ",$367.18 ,"$17,032.70 ",$0.00 ,"$1,807.97 ","$18,840.67 ",10301.85
1,107650703,Burrell SD,Westmoreland,"1,810.74","2,133.62","$9,647.39 ","$5,171.95 ",$373.78 ,"$15,193.12 ",$1.98 ,"$1,439.94 ","$16,635.04 ",9413.33
1,104101252,Butler Area SD,Butler,"6,621.48","7,805.47","$9,414.34 ","$4,508.27 ",$356.76 ,"$14,279.38 ",$2.66 ,"$1,191.77 ","$15,473.81 ",8405.04
1,101631503,California Area SD,Washington,896.874,"1,051.61","$10,337.92 ","$5,061.18 ",$469.65 ,"$15,868.75 ",$0.00 ,"$2,625.03 ","$18,493.78 ",9585.91
1,108111203,Cambria Heights SD,Cambria,"1,343.69","1,582.01","$10,682.82 ","$5,287.63 ",$450.49 ,"$16,420.94 ",$161.15 ,$752.99 ,"$17,335.07 ",10440.84
1,109122703,Cameron County SD,Cameron,555.071,645.391,"$13,240.69 ","$7,024.33 ",$524.53 ,"$20,789.56 ",$0.00 ,"$2,167.15 ","$22,956.70 ",13092.95
1,115211003,Camp Hill SD,Cumberland,"1,346.98","1,538.34","$9,885.61 ","$4,606.67 ",$784.43 ,"$15,276.71 ",$0.00 ,"$2,378.92 ","$17,655.63 ",10548.84
1,101631703,Canon-McMillan SD,Washington,"5,509.23","6,267.79","$8,110.55 ","$5,004.12 ",$331.66 ,"$13,446.33 ",$90.87 ,"$1,910.61 ","$15,447.81 ",8453.85
1,117081003,Canton Area SD,Bradford,884.279,"1,039.46","$10,898.71 ","$5,200.74 ",$510.80 ,"$16,610.25 ",$0.00 ,"$1,057.18 ","$17,667.43 ",9555.85
1,119351303,Carbondale Area SD,Lackawanna,"1,687.59","1,958.35","$11,064.63 ","$3,563.49 ",$280.32 ,"$14,908.44 ",$0.00 ,$837.77 ,"$15,746.21 ",8435.27
1,115211103,Carlisle Area SD,Cumberland,"5,292.46","6,190.13","$8,939.77 ","$4,827.98 ",$266.66 ,"$14,034.41 ",$0.00 ,"$1,634.74 ","$15,669.16 ",8956.41
1,103021603,Carlynton SD,Allegheny,"1,428.90","1,658.60","$13,183.57 ","$6,112.07 ",$438.78 ,"$19,734.42 ",$0.00 ,$135.79 ,"$19,870.21 ",12675.9
1,101301303,Carmichaels Area SD,Greene,"1,105.80","1,293.06","$9,279.08 ","$4,795.38 ",$562.00 ,"$14,636.45 ",$0.03 ,"$1,656.01 ","$16,292.50 ",8330.35
1,121391303,Catasauqua Area SD,Lehigh,"1,620.00","1,893.59","$11,440.88 ","$5,012.94 ",$457.34 ,"$16,911.16 ",$75.10 ,"$1,381.21 ","$18,367.47 ",11027.87
1,122092002,Centennial SD,Bucks,"5,562.26","6,553.20","$13,495.84 ","$5,973.46 ",$298.79 ,"$19,768.09 ",$10.34 ,"$2,045.17 ","$21,823.60 ",13085.16
1,122092102,Central Bucks SD,Bucks,"18,364.72","21,370.00","$10,777.13 ","$5,270.22 ",$466.28 ,"$16,513.63 ",$0.00 ,"$2,870.34 ","$19,383.98 ",10699.02
1,108111303,Central Cambria SD,Cambria,"1,627.19","1,922.54","$8,747.16 ","$4,912.03 ",$357.86 ,"$14,017.05 ",$0.00 ,"$2,025.60 ","$16,042.65 ",8358.44
1,116191503,Central Columbia SD,Columbia,"1,970.75","2,313.52","$9,276.16 ","$4,944.30 ",$354.48 ,"$14,574.94 ",$0.00 ,"$1,532.09 ","$16,107.02 ",9237.01
1,115221402,Central Dauphin SD,Dauphin,"13,050.86","14,805.66","$9,749.78 ","$4,238.70 ",$265.64 ,"$14,254.12 ",$0.00 ,"$1,572.02 ","$15,826.14 ",9510.82
1,111291304,Central Fulton SD,Fulton,"1,053.90","1,179.12","$9,698.62 ","$4,141.43 ",$856.27 ,"$14,696.32 ",$1.48 ,$913.01 ,"$15,610.80 ",9557.23
1,101301403,Central Greene SD,Greene,"1,733.58","2,037.47","$10,631.76 ","$6,080.87 ",$449.12 ,"$17,161.75 ",$0.00 ,"$1,791.59 ","$18,953.34 ",9921.03
1,127042003,Central Valley SD,Beaver,"2,359.90","2,687.21","$9,619.25 ","$4,416.10 ",$435.28 ,"$14,470.63 ",$0.00 ,$958.48 ,"$15,429.11 ",9455.33
1,112671303,Central York SD,York,"6,016.19","7,068.72","$9,344.29 ","$4,390.11 ",$298.13 ,"$14,032.54 ",$0.00 ,"$1,398.10 ","$15,430.64 ",9036.45
1,112281302,Chambersburg Area SD,Franklin,"9,718.25","11,333.11","$8,947.13 ","$4,246.78 ",$230.87 ,"$13,424.78 ",$0.00 ,"$3,392.33 ","$16,817.11 ",8406.24
1,101631803,Charleroi SD,Washington,"1,542.09","1,810.24","$8,942.14 ","$4,411.26 ",$282.81 ,"$13,636.21 ",$0.00 ,"$2,032.20 ","$15,668.41 ",7841.78
1,103021752,Chartiers Valley SD,Allegheny,"3,361.78","3,915.72","$11,881.19 ","$5,726.19 ",$446.37 ,"$18,053.75 ",$0.00 ,"$1,441.98 ","$19,495.74 ",11474.04
1,101631903,Chartiers-Houston SD,Washington,"1,162.60","1,358.03","$8,904.57 ","$5,564.85 ",$382.40 ,"$14,851.82 ",$0.00 ,"$1,912.08 ","$16,763.90 ",9765.19
1,123461302,Cheltenham SD,Montgomery,"4,551.27","5,325.91","$15,426.44 ","$8,405.32 ",$611.88 ,"$24,443.64 ",$0.00 ,"$2,520.03 ","$26,963.68 ",16040.88
1,125231232,Chester-Upland SD,Delaware,"6,972.63","7,965.17","$14,487.58 ","$3,471.21 ",$96.97 ,"$18,055.75 ",$21.93 ,"$1,144.84 ","$19,222.53 ",12195.22
1,108051503,Chestnut Ridge SD,Bedford,"1,352.74","1,601.48","$8,912.31 ","$4,930.03 ",$348.83 ,"$14,191.17 ",$0.00 ,"$1,628.37 ","$15,819.53 ",8136.41
1,125231303,Chichester SD,Delaware,"3,414.51","3,979.55","$12,968.67 ","$6,539.34 ",$471.45 ,"$19,979.47 ",$0.00 ,"$2,268.33 ","$22,247.80 ",12840.7
1,103021903,Clairton City SD,Allegheny,974.291,"1,116.47","$11,665.92 ","$5,214.75 ",$401.19 ,"$17,281.86 ",$51.48 ,$362.49 ,"$17,695.82 ",10415.3
1,106161203,Clarion Area SD,Clarion,769.85,908.559,"$11,038.07 ","$5,444.52 ",$500.10 ,"$16,982.69 ",$0.00 ,"$1,503.25 ","$18,485.94 ",8276.36
1,106161703,Clarion-Limestone Area SD,Clarion,856.717,995.674,"$10,739.62 ","$5,588.44 ",$354.94 ,"$16,683.00 ",$0.00 ,$849.10 ,"$17,532.10 ",9978.51
1,108071504,Claysburg-Kimmel SD,Blair,839.089,989,"$8,567.48 ","$5,290.01 ",$447.01 ,"$14,304.49 ",$0.00 ,"$1,299.54 ","$15,604.03 ",8336.23
1,110171003,Clearfield Area SD,Clearfield,"2,206.33","2,584.16","$10,752.14 ","$5,597.63 ",$362.52 ,"$16,712.29 ",$0.00 ,"$1,466.10 ","$18,178.39 ",9759.27
1,124151902,Coatesville Area SD,Chester,"8,969.11","10,435.71","$13,654.55 ","$4,340.28 ",$140.12 ,"$18,134.95 ",$0.00 ,"$1,791.24 ","$19,926.19 ",12595.73
1,113361303,Cocalico SD,Lancaster,"3,091.19","3,519.18","$10,969.64 ","$5,321.77 ",$381.82 ,"$16,673.22 ",$0.00 ,"$2,458.95 ","$19,132.17 ",11153.99
1,123461602,Colonial SD,Montgomery,"5,209.25","6,038.05","$14,856.68 ","$7,432.10 ",$382.13 ,"$22,670.92 ",$9.35 ,"$1,779.99 ","$24,460.25 ",15069.29
1,113361503,Columbia Borough SD,Lancaster,"1,464.43","1,706.53","$10,985.86 ","$4,589.18 ",$237.43 ,"$15,812.47 ",$3.85 ,"$2,172.11 ","$17,988.43 ",9615.16
1,104431304,Commodore Perry SD,Mercer,460.06,539.66,"$11,823.38 ","$6,186.63 ",$469.51 ,"$18,479.52 ",$0.00 ,$119.76 ,"$18,599.28 ",10605.47
1,108561803,Conemaugh Township Area SD,Somerset,933.014,"1,101.93","$8,750.23 ","$5,175.06 ",$537.49 ,"$14,462.78 ",$0.00 ,"$1,845.71 ","$16,308.50 ",8727.87
1,108111403,Conemaugh Valley SD,Cambria,746.476,873.844,"$8,998.75 ","$5,845.97 ",$496.67 ,"$15,341.38 ",$0.00 ,"$1,207.90 ","$16,549.28 ",8868.32
1,113361703,Conestoga Valley SD,Lancaster,"4,314.78","5,044.70","$10,287.59 ","$4,210.77 ",$348.78 ,"$14,847.14 ",$0.00 ,"$1,637.86 ","$16,485.00 ",9603.11
1,112011603,Conewago Valley SD,Adams,"4,054.69","4,747.01","$9,823.02 ","$3,597.54 ",$221.77 ,"$13,642.33 ",$0.00 ,$993.25 ,"$14,635.58 ",8651.57
1,105201033,Conneaut SD,Crawford,"1,979.13","2,339.73","$10,243.43 ","$6,907.16 ",$418.64 ,"$17,569.24 ",$12.85 ,"$2,895.77 ","$20,477.86 ",9776.97
1,101261302,Connellsville Area SD,Fayette,"4,414.70","5,191.84","$9,974.07 ","$4,877.62 ",$275.37 ,"$15,127.06 ",$0.00 ,"$1,752.89 ","$16,879.95 ",7891.56
1,114061103,Conrad Weiser Area SD,Berks,"2,515.97","2,962.00","$12,647.06 ","$5,436.72 ",$405.29 ,"$18,489.07 ",$0.00 ,"$2,017.18 ","$20,506.25 ",10884.89
1,103022103,Cornell SD,Allegheny,607.628,708.076,"$14,292.16 ","$7,573.35 ",$745.68 ,"$22,611.19 ",$0.00 ,"$1,973.33 ","$24,584.52 ",14184.36
1,113381303,Cornwall-Lebanon SD,Lebanon,"5,018.02","5,786.08","$9,729.29 ","$4,375.04 ",$290.12 ,"$14,394.46 ",$0.00 ,"$1,690.27 ","$16,084.73 ",9410.23
1,105251453,Corry Area SD,Erie,"2,013.12","2,360.09","$9,331.06 ","$5,180.63 ",$501.15 ,"$15,012.84 ",$30.78 ,"$1,077.29 ","$16,120.90 ",7993.99
1,109531304,Coudersport Area SD,Potter,763.461,900.854,"$9,894.83 ","$5,266.73 ",$463.91 ,"$15,625.47 ",$0.00 ,"$1,536.27 ","$17,161.74 ",9714.46
1,122092353,Council Rock SD,Bucks,"10,880.53","12,607.39","$14,165.94 ","$5,668.73 ",$327.43 ,"$20,162.09 ",$0.00 ,"$1,719.54 ","$21,881.63 ",13473.36
1,106611303,Cranberry Area SD,Venango,"1,151.14","1,339.43","$10,336.17 ","$4,885.03 ",$385.16 ,"$15,606.36 ","$2,178.07 ",$615.23 ,"$18,399.65 ",10410.68
1,105201352,Crawford Central SD,Crawford,"3,641.31","4,273.57","$9,457.94 ","$5,034.14 ",$318.73 ,"$14,810.81 ",$0.00 ,"$2,214.38 ","$17,025.19 ",8478.04
1,118401403,Crestwood SD,Luzerne,"2,856.39","3,357.70","$9,359.02 ","$3,757.46 ",$384.68 ,"$13,501.15 ",$0.00 ,$877.43 ,"$14,378.59 ",8438.74
1,115211603,Cumberland Valley SD,Cumberland,"9,447.93","10,727.38","$7,984.79 ","$4,954.03 ",$268.88 ,"$13,207.70 ",$18.86 ,"$1,344.19 ","$14,570.76 ",9014.19
1,110171803,Curwensville Area SD,Clearfield,"1,027.37","1,203.66","$10,258.98 ","$4,714.95 ",$435.04 ,"$15,408.97 ",$287.78 ,"$1,360.27 ","$17,057.02 ",9235.21
1,118401603,Dallas SD,Luzerne,"2,575.17","2,969.06","$9,159.15 ","$3,886.71 ",$451.48 ,"$13,497.34 ",$3.61 ,"$2,159.45 ","$15,660.41 ",9061
1,112671603,Dallastown Area SD,York,"6,635.61","7,787.94","$10,796.52 ","$4,360.60 ",$282.45 ,"$15,439.57 ",$6.70 ,"$1,634.15 ","$17,080.41 ",9987.33
1,114061503,Daniel Boone Area SD,Berks,"3,418.77","3,977.62","$10,028.43 ","$4,482.45 ",$250.85 ,"$14,761.74 ",$0.00 ,"$2,542.90 ","$17,304.64 ",9385.7
1,116471803,Danville Area SD,Montour,"2,451.17","2,874.61","$10,155.92 ","$4,680.05 ",$412.03 ,"$15,248.01 ",$0.00 ,"$3,966.51 ","$19,214.52 ",9284.57
1,103022253,Deer Lakes SD,Allegheny,"1,902.18","2,226.86","$10,772.05 ","$6,434.99 ",$390.50 ,"$17,597.54 ",$15.32 ,"$2,364.32 ","$19,977.18 ",11043.26
1,120522003,Delaware Valley SD,Pike,"4,506.05","5,333.02","$11,277.98 ","$5,586.14 ",$563.92 ,"$17,428.04 ",$0.00 ,$718.16 ,"$18,146.20 ",11050.26
1,107651603,Derry Area SD,Westmoreland,"2,049.79","2,389.81","$10,479.41 ","$5,187.40 ",$358.40 ,"$16,025.21 ",$0.00 ,"$1,457.23 ","$17,482.44 ",9244.64
1,115221753,Derry Township SD,Dauphin,"3,572.08","4,237.26","$9,750.48 ","$5,668.59 ",$469.47 ,"$15,888.54 ",$0.00 ,"$1,761.64 ","$17,650.18 ",10338.65
1,113362203,Donegal SD,Lancaster,"3,131.73","3,552.03","$9,814.17 ","$4,263.22 ",$252.88 ,"$14,330.27 ",$0.00 ,"$2,379.93 ","$16,710.20 ",9254.78
1,112671803,Dover Area SD,York,"3,711.55","4,325.88","$10,165.84 ","$4,995.41 ",$278.05 ,"$15,439.30 ",$0.00 ,"$2,076.74 ","$17,516.04 ",9256.81
1,124152003,Downingtown Area SD,Chester,"13,591.04","15,666.42","$9,915.85 ","$4,640.84 ",$303.52 ,"$14,860.20 ",$20.53 ,"$1,697.18 ","$16,577.91 ",9811.46
1,106172003,Dubois Area SD,Clearfield,"3,657.00","4,277.18","$9,431.14 ","$4,905.99 ",$225.98 ,"$14,563.11 ",$383.10 ,$624.69 ,"$15,570.90 ",8561.73
1,119352203,Dunmore SD,Lackawanna,"1,529.57","1,792.55","$9,310.85 ","$3,742.59 ",$538.19 ,"$13,591.63 ",$0.00 ,$779.08 ,"$14,370.72 ",8647.46
1,103022803,East Allegheny SD,Allegheny,"1,810.31","2,123.29","$11,302.31 ","$5,924.08 ",$246.29 ,"$17,472.67 ",$87.91 ,"$1,358.57 ","$18,919.15 ",8926.81
1,117412003,East Lycoming SD,Lycoming,"1,667.59","1,940.25","$8,924.85 ","$4,566.67 ",$483.21 ,"$13,974.73 ",$0.00 ,"$1,696.42 ","$15,671.15 ",8594.63
1,121392303,East Penn SD,Lehigh,"8,636.39","10,194.27","$10,538.12 ","$4,649.41 ",$218.20 ,"$15,405.73 ",$0.00 ,"$1,696.38 ","$17,102.11 ",10036.58
1,115212503,East Pennsboro Area SD,Cumberland,"2,759.67","3,216.90","$9,274.83 ","$4,213.92 ",$280.23 ,"$13,768.99 ",$56.02 ,"$1,539.54 ","$15,364.55 ",9174.9
1,120452003,East Stroudsburg Area SD,Monroe,"7,017.01","8,293.56","$12,656.60 ","$7,556.19 ",$413.40 ,"$20,626.20 ",$0.00 ,"$2,528.96 ","$23,155.16 ",12140.99
1,113362303,Eastern Lancaster County SD,Lancaster,"3,072.92","3,528.60","$10,316.40 ","$6,550.94 ",$353.04 ,"$17,220.37 ",$48.79 ,"$1,990.96 ","$19,260.12 ",10330.44
1,113382303,Eastern Lebanon County SD,Lebanon,"2,480.03","2,801.17","$9,640.36 ","$4,972.65 ",$380.96 ,"$14,993.96 ",$0.00 ,"$2,073.38 ","$17,067.34 ",9969.58
1,112672203,Eastern York SD,York,"2,575.12","3,008.21","$10,271.54 ","$5,420.13 ",$395.36 ,"$16,087.03 ",$0.00 ,"$2,134.42 ","$18,221.45 ",10173.09
1,120483302,Easton Area SD,Northampton,"9,285.03","10,907.81","$10,951.46 ","$4,674.15 ",$415.07 ,"$16,040.68 ",$0.00 ,"$1,773.42 ","$17,814.10 ",10515.89
1,103023153,Elizabeth Forward SD,Allegheny,"2,367.79","2,765.96","$10,338.86 ","$5,801.99 ",$520.41 ,"$16,661.26 ",$5.97 ,"$1,814.87 ","$18,482.09 ",10095.43
1,113362403,Elizabethtown Area SD,Lancaster,"3,931.72","4,504.24","$9,928.98 ","$4,529.72 ",$334.56 ,"$14,793.26 ",$0.00 ,"$1,079.65 ","$15,872.92 ",9705.55
1,119582503,Elk Lake SD,Susquehanna,"1,162.28","1,358.81","$11,392.17 ","$5,086.61 ",$463.56 ,"$16,942.35 ",$0.00 ,$981.92 ,"$17,924.27 ",10006.35
1,104372003,Ellwood City Area SD,Lawrence,"1,780.97","2,090.60","$10,309.25 ","$4,779.10 ",$300.09 ,"$15,388.45 ",$4.93 ,$728.76 ,"$16,122.15 ",9257.63
1,113362603,Ephrata Area SD,Lancaster,"4,253.11","4,832.54","$8,998.77 ","$4,942.30 ",$361.21 ,"$14,302.27 ",$0.00 ,"$2,127.91 ","$16,430.18 ",9477.13
1,105252602,Erie City SD,Erie,"12,780.94","14,790.48","$9,979.96 ","$3,450.79 ",$174.31 ,"$13,605.06 ",$79.10 ,"$9,229.88 ","$22,914.03 ",7399.08
1,108053003,Everett Area SD,Bedford,"1,268.80","1,482.38","$8,473.75 ","$4,862.54 ",$351.07 ,"$13,687.36 ",$164.29 ,"$2,828.35 ","$16,680.00 ",7805.45
1,114062003,Exeter Township SD,Berks,"3,954.07","4,660.84","$11,220.24 ","$5,185.28 ",$416.00 ,"$16,821.52 ",$117.28 ,"$4,349.66 ","$21,288.46 ",10908.6
1,112013054,Fairfield Area SD,Adams,"1,010.79","1,202.14","$9,727.71 ","$7,354.27 ",$549.22 ,"$17,631.20 ",$0.00 ,"$1,802.20 ","$19,433.41 ",11466.1
1,105253303,Fairview SD,Erie,"1,765.69","2,061.44","$7,542.57 ","$4,542.52 ",$532.47 ,"$12,617.56 ",$0.00 ,"$2,589.31 ","$15,206.86 ",8160.66
1,112282004,Fannett-Metal SD,Franklin,472.073,557.061,"$10,407.03 ","$5,573.84 ",$403.74 ,"$16,384.61 ",$154.18 ,$0.00 ,"$16,538.79 ",9621.01
1,104432503,Farrell Area SD,Mercer,700.787,819.647,"$14,813.13 ","$7,194.05 ","$1,636.45 ","$23,643.63 ",$0.00 ,"$2,093.53 ","$25,737.16 ",11963.83
1,108112003,Ferndale Area SD,Cambria,686.034,794.028,"$10,468.10 ","$5,623.79 ",$339.23 ,"$16,431.12 ",$0.00 ,$0.00 ,"$16,431.12 ",9666.94
1,114062503,Fleetwood Area SD,Berks,"2,490.65","2,954.58","$11,089.47 ","$5,249.64 ",$314.50 ,"$16,653.61 ",$0.00 ,"$2,017.14 ","$18,670.75 ",10570.42
1,111292304,Forbes Road SD,Fulton,379.022,438.004,"$10,721.81 ","$7,423.59 ",$352.72 ,"$18,498.12 ",$0.00 ,"$1,645.47 ","$20,143.60 ",11296.7
1,106272003,Forest Area SD,Forest,439.813,522.027,"$16,378.66 ","$9,728.51 ",$733.98 ,"$26,841.15 ",$336.92 ,"$2,175.56 ","$29,353.64 ",16019.96
1,119583003,Forest City Regional SD,Susquehanna,787.369,919.557,"$11,771.32 ","$5,866.45 ",$308.05 ,"$17,945.82 ",$0.00 ,"$1,394.64 ","$19,340.46 ",10475.97
1,108112203,Forest Hills SD,Cambria,"1,843.04","2,113.86","$8,573.32 ","$4,417.01 ",$495.13 ,"$13,485.47 ",$0.00 ,$685.03 ,"$14,170.50 ",8036.38
1,101632403,Fort Cherry SD,Washington,"1,016.71","1,203.81","$10,522.39 ","$6,077.55 ",$416.23 ,"$17,016.18 ",$0.00 ,"$1,228.60 ","$18,244.78 ",10363.81
1,105253553,Fort LeBoeuf SD,Erie,"2,157.43","2,532.49","$8,914.76 ","$4,734.41 ",$314.73 ,"$13,963.91 ",$15.12 ,"$2,094.95 ","$16,073.98 ",8481.96
1,103023912,Fox Chapel Area SD,Allegheny,"4,094.48","4,796.94","$15,053.37 ","$7,341.87 ",$650.58 ,"$23,045.82 ",$208.90 ,"$1,404.47 ","$24,659.18 ",15563.12
1,106612203,Franklin Area SD,Venango,"1,954.78","2,273.09","$10,394.54 ","$4,970.74 ",$328.92 ,"$15,694.20 ",$0.00 ,"$1,012.21 ","$16,706.41 ",8963.68
1,107652603,Franklin Regional SD,Westmoreland,"3,447.19","4,066.35","$10,213.98 ","$5,045.81 ",$456.49 ,"$15,716.27 ",$0.00 ,"$1,048.83 ","$16,765.10 ",10123.78
1,101262903,Frazier SD,Fayette,"1,177.58","1,373.64","$9,560.86 ","$4,179.53 ",$340.95 ,"$14,081.34 ",$0.00 ,"$1,498.34 ","$15,579.68 ",8380.01
1,127042853,Freedom Area SD,Beaver,"1,410.31","1,661.16","$10,059.83 ","$4,813.73 ",$429.69 ,"$15,303.25 ",$106.17 ,"$1,437.25 ","$16,846.67 ",9634.69
1,128033053,Freeport Area SD,Armstrong,"1,917.30","2,248.42","$9,275.21 ","$5,057.11 ",$337.16 ,"$14,669.49 ",$0.00 ,"$2,146.81 ","$16,816.30 ",9335.83
1,109532804,Galeton Area SD,Potter,361.82,419.652,"$12,499.43 ","$6,158.56 ",$566.33 ,"$19,224.33 ",$0.00 ,"$1,534.66 ","$20,758.98 ",12132.84
1,125234103,Garnet Valley SD,Delaware,"4,786.72","5,529.17","$14,295.93 ","$5,301.54 ",$501.56 ,"$20,099.04 ",$0.00 ,"$2,413.12 ","$22,512.16 ",13890.5
1,103024102,Gateway SD,Allegheny,"3,545.82","4,141.88","$13,353.39 ","$6,264.45 ",$378.90 ,"$19,996.74 ",$0.00 ,"$1,010.57 ","$21,007.31 ",13123.73
1,105253903,General McLane SD,Erie,"2,127.21","2,510.38","$9,156.83 ","$4,751.75 ",$446.17 ,"$14,354.74 ",$265.18 ,$963.80 ,"$15,583.72 ",8708.78
1,112013753,Gettysburg Area SD,Adams,"3,191.67","3,738.18","$11,253.76 ","$5,454.97 ",$390.54 ,"$17,099.27 ",$0.00 ,"$1,967.08 ","$19,066.35 ",10853.87
1,105254053,Girard SD,Erie,"1,665.97","1,921.61","$9,724.85 ","$4,732.90 ",$434.67 ,"$14,892.41 ",$0.00 ,"$1,534.25 ","$16,426.66 ",8944.17
1,110173003,Glendale SD,Clearfield,778.712,919.468,"$9,346.88 ","$5,761.46 ",$513.08 ,"$15,621.43 ",$311.60 ,$527.36 ,"$16,460.39 ",9200.47
1,114063003,Governor Mifflin SD,Berks,"4,129.22","4,888.76","$10,182.86 ","$4,812.21 ",$437.85 ,"$15,432.92 ",$15.04 ,"$1,762.57 ","$17,210.53 ",10135.61
1,124153503,Great Valley SD,Chester,"4,416.37","5,059.78","$13,640.92 ","$6,562.50 ",$381.62 ,"$20,585.04 ",$0.00 ,"$2,927.86 ","$23,512.90 ",14113.23
1,108112502,Greater Johnstown SD,Cambria,"3,052.86","3,535.63","$10,168.84 ","$3,898.58 ",$330.58 ,"$14,397.99 ",$0.00 ,"$1,624.64 ","$16,022.63 ",7306.46
1,107653102,Greater Latrobe SD,Westmoreland,"3,797.14","4,495.17","$8,915.01 ","$4,326.84 ",$348.44 ,"$13,590.29 ",$82.41 ,"$1,721.82 ","$15,394.51 ",8374.8
1,118402603,Greater Nanticoke Area SD,Luzerne,"2,408.15","2,817.69","$8,419.31 ","$3,569.94 ",$420.70 ,"$12,409.95 ",$0.00 ,$667.92 ,"$13,077.86 ",6858.32
1,112283003,Greencastle-Antrim SD,Franklin,"3,085.15","3,606.63","$8,538.10 ","$3,505.28 ",$239.87 ,"$12,283.25 ",$17.88 ,$867.00 ,"$13,168.13 ",8016.93
1,107653203,Greensburg Salem SD,Westmoreland,"2,801.48","3,277.49","$10,363.82 ","$4,724.35 ",$372.81 ,"$15,460.98 ",$0.00 ,"$1,643.21 ","$17,104.19 ",9164.24
1,104432803,Greenville Area SD,Mercer,"1,290.41","1,525.55","$9,724.16 ","$4,154.72 ",$850.88 ,"$14,729.75 ",$0.00 ,"$1,643.72 ","$16,373.47 ",8110.35
1,115503004,Greenwood SD,Perry,787.284,927.519,"$10,267.90 ","$5,444.73 ",$531.69 ,"$16,244.33 ",$12.04 ,"$2,020.76 ","$18,277.13 ",9994.46
1,104432903,Grove City Area SD,Mercer,"1,948.15","2,240.57","$13,757.29 ","$5,882.60 ",$512.02 ,"$20,151.91 ",$0.66 ,$816.16 ,"$20,968.72 ",8675.45
1,115222504,Halifax Area SD,Dauphin,"1,022.77","1,199.72","$11,928.84 ","$6,267.19 ",$436.22 ,"$18,632.24 ",$0.00 ,"$10,436.29 ","$29,068.53 ",11595.9
1,114063503,Hamburg Area SD,Berks,"2,201.39","2,595.75","$10,824.05 ","$5,681.73 ",$386.97 ,"$16,892.75 ",$2.24 ,"$2,348.67 ","$19,243.66 ",10748.26
1,103024603,Hampton Township SD,Allegheny,"2,831.73","3,289.04","$10,659.99 ","$5,583.14 ",$475.82 ,"$16,718.95 ",$0.00 ,"$1,862.01 ","$18,580.96 ",11035.66
1,118403003,Hanover Area SD,Luzerne,"2,149.33","2,514.96","$9,881.93 ","$3,992.92 ",$277.92 ,"$14,152.77 ",$0.00 ,"$1,094.99 ","$15,247.77 ",8528.79
1,112672803,Hanover Public SD,York,"2,051.04","2,361.88","$9,898.61 ","$4,575.02 ",$285.06 ,"$14,758.70 ",$0.00 ,"$1,284.31 ","$16,043.00 ",9408.54
1,105254353,Harbor Creek SD,Erie,"2,152.55","2,531.05","$9,050.68 ","$4,371.45 ",$262.92 ,"$13,685.04 ",$0.00 ,"$2,840.24 ","$16,525.28 ",8334.1
1,110173504,Harmony Area SD,Clearfield,253.312,300.808,"$13,682.04 ","$7,936.50 ",$434.34 ,"$22,052.87 ",$0.00 ,"$2,658.72 ","$24,711.59 ",10614.94
1,115222752,Harrisburg City SD,Dauphin,"7,804.35","8,925.12","$12,247.32 ","$4,756.67 ",$150.71 ,"$17,154.70 ",$0.00 ,"$2,775.35 ","$19,930.05 ",10199.03
1,123463603,Hatboro-Horsham SD,Montgomery,"4,783.05","5,613.53","$12,053.78 ","$7,094.11 ",$319.47 ,"$19,467.36 ",$4.36 ,"$2,342.67 ","$21,814.39 ",12631.32
1,125234502,Haverford Township SD,Delaware,"6,507.16","7,351.70","$11,370.41 ","$5,351.12 ",$251.46 ,"$16,972.99 ",$0.00 ,"$1,654.15 ","$18,627.14 ",11825.26
1,118403302,Hazleton Area SD,Luzerne,"11,788.62","13,755.88","$8,392.91 ","$3,136.36 ",$221.48 ,"$11,750.76 ",$2.18 ,"$1,172.06 ","$12,924.99 ",6480.02
1,107653802,Hempfield Area SD,Westmoreland,"5,720.58","6,724.88","$10,461.60 ","$4,396.45 ",$302.65 ,"$15,160.70 ",$0.00 ,"$1,564.68 ","$16,725.38 ",9691.28
1,113363103,Hempfield SD,Lancaster,"7,077.67","8,088.34","$11,005.70 ","$4,454.33 ",$280.32 ,"$15,740.36 ",$0.00 ,"$1,492.63 ","$17,232.99 ",10444.97
1,104433303,Hermitage SD,Mercer,"2,113.17","2,478.21","$9,011.40 ","$4,084.16 ",$466.21 ,"$13,561.77 ",$16.52 ,"$1,589.50 ","$15,167.79 ",8326.83
1,103024753,Highlands SD,Allegheny,"2,457.55","2,876.98","$11,773.27 ","$5,346.74 ",$288.58 ,"$17,408.60 ",$0.00 ,$312.35 ,"$17,720.95 ",10339.94
1,108073503,Hollidaysburg Area SD,Blair,"3,398.20","4,001.66","$8,483.57 ","$4,548.87 ",$315.58 ,"$13,348.02 ",$0.00 ,"$1,450.22 ","$14,798.24 ",8350.78
1,128323303,Homer-Center SD,Indiana,866.009,"1,020.68","$11,055.39 ","$5,633.90 ",$452.32 ,"$17,141.61 ",$0.00 ,"$1,704.54 ","$18,846.15 ",10282.82
1,127044103,Hopewell Area SD,Beaver,"2,191.62","2,551.02","$11,163.50 ","$5,701.57 ",$455.22 ,"$17,320.29 ",$1.23 ,"$1,496.11 ","$18,817.62 ",10943.97
1,111312503,Huntingdon Area SD,Huntingdon,"1,962.23","2,292.43","$8,515.85 ","$4,825.54 ",$316.45 ,"$13,657.84 ",$0.00 ,"$1,258.67 ","$14,916.50 ",7972.66
1,128323703,Indiana Area SD,Indiana,"2,856.39","3,345.72","$12,278.81 ","$5,147.75 ",$388.36 ,"$17,814.91 ",$0.00 ,"$1,125.30 ","$18,940.21 ",11307.84
1,125235103,Interboro SD,Delaware,"3,433.46","4,022.95","$12,016.64 ","$5,915.09 ",$283.64 ,"$18,215.37 ",$16.16 ,"$1,328.48 ","$19,560.01 ",11393.98
1,105256553,Iroquois SD,Erie,"1,248.06","1,458.00","$8,974.19 ","$4,822.75 ",$439.90 ,"$14,236.84 ",$434.69 ,"$1,481.52 ","$16,153.05 ",8789.74
1,104433604,Jamestown Area SD,Mercer,448.076,537.804,"$11,516.87 ","$7,292.95 ",$469.06 ,"$19,278.88 ",$0.00 ,"$1,419.37 ","$20,698.25 ",10767.38
1,107654103,Jeannette City SD,Westmoreland,"1,059.01","1,226.41","$10,785.39 ","$5,058.16 ",$434.52 ,"$16,278.07 ",$0.00 ,"$1,938.58 ","$18,216.65 ",9126.08
1,101303503,Jefferson-Morgan SD,Greene,780.578,906.7,"$11,436.84 ","$5,355.87 ",$483.79 ,"$17,276.51 ",$0.00 ,"$1,214.98 ","$18,491.49 ",10313.28
1,123463803,Jenkintown SD,Montgomery,722.469,842.884,"$13,878.40 ","$7,067.01 ",$487.84 ,"$21,433.25 ",$0.00 ,"$1,747.63 ","$23,180.88 ",15134.82
1,117414003,Jersey Shore Area SD,Lycoming,"2,448.00","2,877.93","$10,393.26 ","$4,713.20 ",$310.31 ,"$15,416.77 ",$0.00 ,"$1,544.07 ","$16,960.84 ",9472.57
1,121135003,Jim Thorpe Area SD,Carbon,"2,252.55","2,654.21","$12,346.77 ","$5,321.63 ",$479.97 ,"$18,148.37 ",$0.00 ,"$2,156.52 ","$20,304.89 ",10959.39
1,109243503,Johnsonburg Area SD,Elk,576.151,676.49,"$9,824.64 ","$6,154.25 ",$514.05 ,"$16,492.94 ",$145.76 ,$0.00 ,"$16,638.70 ",9826.22
1,111343603,Juniata County SD,Juniata,"2,823.81","3,350.10","$8,462.56 ","$4,253.40 ",$238.12 ,"$12,954.08 ",$6.07 ,"$1,164.49 ","$14,124.63 ",7279.98
1,111312804,Juniata Valley SD,Huntingdon,745.82,881.218,"$9,230.10 ","$4,664.29 ",$500.86 ,"$14,395.25 ",$10.24 ,"$1,778.31 ","$16,183.79 ",8493.92
1,109422303,Kane Area SD,McKean,"1,110.90","1,312.48","$8,727.16 ","$4,848.63 ",$409.70 ,"$13,985.49 ",$184.73 ,"$2,427.33 ","$16,597.56 ",8146.52
1,104103603,Karns City Area SD,Butler,"1,386.15","1,629.81","$10,074.49 ","$5,845.58 ",$398.53 ,"$16,318.60 ",$73.90 ,$28.39 ,"$16,420.90 ",9281.02
1,124154003,Kennett Consolidated SD,Chester,"4,332.23","5,112.95","$11,306.42 ","$6,102.49 ",$351.86 ,"$17,760.77 ",$28.07 ,"$7,134.35 ","$24,923.19 ",11825.11
1,110183602,Keystone Central SD,Clinton,"4,343.45","5,096.26","$11,387.63 ","$4,567.90 ",$254.91 ,"$16,210.43 ",$0.00 ,$585.53 ,"$16,795.97 ",9825.03
1,103025002,Keystone Oaks SD,Allegheny,"1,971.66","2,306.67","$11,897.99 ","$6,679.85 ",$572.44 ,"$19,150.28 ",$0.00 ,"$7,719.70 ","$26,869.98 ",11932.72
1,106166503,Keystone SD,Clarion,965.199,"1,150.55","$10,932.70 ","$5,281.01 ",$287.04 ,"$16,500.75 ",$0.00 ,$540.09 ,"$17,040.83 ",9650.28
1,107654403,Kiski Area SD,Westmoreland,"3,676.00","4,309.84","$9,572.40 ","$4,520.43 ",$356.25 ,"$14,449.08 ",$17.75 ,"$1,492.98 ","$15,959.82 ",8474.6
1,114064003,Kutztown Area SD,Berks,"1,393.36","1,637.57","$13,743.44 ","$7,256.25 ",$563.28 ,"$21,562.97 ",$0.00 ,"$2,011.91 ","$23,574.88 ",14113.91
1,119665003,Lackawanna Trail SD,Wyoming,"1,033.35","1,209.78","$13,353.18 ","$5,539.73 ",$464.39 ,"$19,357.30 ",$49.75 ,$414.75 ,"$19,821.80 ",12086.35
1,119354603,Lakeland SD,Lackawanna,"1,525.89","1,796.43","$9,386.12 ","$4,880.16 ",$444.50 ,"$14,710.78 ",$0.00 ,$536.79 ,"$15,247.57 ",8898.52
1,118403903,Lake-Lehman SD,Luzerne,"1,852.66","2,193.95","$10,668.92 ","$4,981.99 ",$386.96 ,"$16,037.87 ",$0.00 ,"$1,143.03 ","$17,180.90 ",10040.05
1,104433903,Lakeview SD,Mercer,984.273,"1,174.78","$11,268.22 ","$5,319.93 ",$457.45 ,"$17,045.60 ",$0.00 ,$598.72 ,"$17,644.32 ",9537.39
1,113363603,Lampeter-Strasburg SD,Lancaster,"3,085.57","3,522.37","$10,013.08 ","$4,630.21 ",$360.79 ,"$15,004.08 ",$0.00 ,"$2,184.89 ","$17,188.97 ",10070.24
1,113364002,Lancaster SD,Lancaster,"11,080.62","12,826.31","$12,255.89 ","$6,157.70 ",$228.09 ,"$18,641.68 ",$117.30 ,"$1,609.09 ","$20,368.07 ",10993.85
1,101264003,Laurel Highlands SD,Fayette,"2,963.87","3,459.90","$10,334.90 ","$4,993.30 ",$243.51 ,"$15,571.70 ",$0.00 ,$943.40 ,"$16,515.11 ",9225.55
1,104374003,Laurel SD,Lawrence,"1,081.61","1,276.73","$9,523.82 ","$5,708.56 ",$537.70 ,"$15,770.08 ",$134.10 ,$725.35 ,"$16,629.53 ",9339.69
1,113384603,Lebanon SD,Lebanon,"5,399.39","6,181.76","$8,077.01 ","$3,866.61 ",$250.52 ,"$12,194.14 ",$125.21 ,"$1,017.28 ","$13,336.62 ",6687.91
1,128034503,Leechburg Area SD,Armstrong,751.842,880.458,"$11,899.31 ","$5,977.90 ",$639.34 ,"$18,516.55 ",$0.00 ,$910.11 ,"$19,426.66 ",11504.67
1,121135503,Lehighton Area SD,Carbon,"2,456.22","2,888.01","$10,812.77 ","$4,559.84 ",$431.11 ,"$15,803.73 ",$532.03 ,"$1,537.94 ","$17,873.70 ",10013.15
1,116604003,Lewisburg Area SD,Union,"1,991.63","2,336.14","$10,383.25 ","$5,411.61 ",$522.28 ,"$16,317.15 ",$0.00 ,"$1,686.94 ","$18,004.09 ",10313.26
1,107654903,Ligonier Valley SD,Westmoreland,"1,628.52","1,924.14","$10,621.96 ","$5,639.82 ",$380.09 ,"$16,641.88 ",$0.00 ,"$1,919.03 ","$18,560.91 ",9605.92
1,116493503,Line Mountain SD,Northumberland,"1,140.00","1,348.00","$9,367.82 ","$5,792.38 ",$384.98 ,"$15,545.18 ",$0.00 ,"$4,601.59 ","$20,146.76 ",8929.49
1,112015203,Littlestown Area SD,Adams,"2,071.33","2,445.98","$9,956.20 ","$4,269.74 ",$275.49 ,"$14,501.43 ",$0.00 ,"$1,638.69 ","$16,140.12 ",9202.02
1,115224003,Lower Dauphin SD,Dauphin,"3,834.52","4,507.10","$10,466.03 ","$5,013.54 ",$279.80 ,"$15,759.37 ",$0.00 ,$947.56 ,"$16,706.93 ",10214.79
1,123464502,Lower Merion SD,Montgomery,"8,732.16","10,025.02","$16,476.71 ","$8,695.20 ",$644.49 ,"$25,816.40 ",$0.00 ,"$7,147.66 ","$32,964.06 ",17673.76
1,123464603,Lower Moreland Township SD,Montgomery,"2,332.73","2,745.61","$13,066.34 ","$6,043.23 ",$359.85 ,"$19,469.42 ",$0.00 ,"$2,233.79 ","$21,703.21 ",12927.93
1,117414203,Loyalsock Township SD,Lycoming,"1,592.72","1,871.09","$8,543.65 ","$4,183.41 ",$421.86 ,"$13,148.92 ",$0.00 ,"$1,727.38 ","$14,876.30 ",8748.5
1,129544503,Mahanoy Area SD,Schuylkill,"1,047.57","1,224.70","$10,590.62 ","$5,803.84 ",$503.16 ,"$16,897.63 ",$71.11 ,$977.75 ,"$17,946.48 ",9915.43
1,113364403,Manheim Central SD,Lancaster,"3,110.56","3,638.85","$9,769.42 ","$5,348.18 ",$392.95 ,"$15,510.55 ",$620.68 ,"$2,015.82 ","$18,147.06 ",9992.57
1,113364503,Manheim Township SD,Lancaster,"5,902.27","6,890.11","$8,910.30 ","$4,866.61 ",$250.10 ,"$14,027.01 ",$11.66 ,"$2,715.53 ","$16,754.20 ",9268.22
1,128325203,Marion Center Area SD,Indiana,"1,283.70","1,507.93","$11,412.41 ","$6,684.47 ",$429.47 ,"$18,526.35 ",$0.00 ,"$1,123.34 ","$19,649.69 ",10258.18
1,125235502,Marple Newtown SD,Delaware,"3,441.40","3,921.67","$13,209.52 ","$8,256.82 ",$468.89 ,"$21,935.22 ",$0.00 ,"$3,810.66 ","$25,745.88 ",14088.6
1,104105003,Mars Area SD,Butler,"3,366.92","3,835.26","$8,193.71 ","$3,957.73 ",$415.93 ,"$12,567.37 ",$0.00 ,"$1,891.80 ","$14,459.17 ",8484.21
1,101633903,McGuffey SD,Washington,"1,640.15","1,915.40","$9,904.41 ","$6,470.19 ",$551.52 ,"$16,926.11 ",$0.00 ,"$1,828.27 ","$18,754.39 ",10175.29
1,103026002,McKeesport Area SD,Allegheny,"3,838.58","4,467.95","$10,145.26 ","$4,099.62 ",$283.68 ,"$14,528.56 ",$0.00 ,"$2,617.61 ","$17,146.18 ",7857.74
1,115216503,Mechanicsburg Area SD,Cumberland,"4,427.17","5,116.97","$9,349.40 ","$4,280.78 ",$493.69 ,"$14,123.87 ",$4.24 ,"$2,006.18 ","$16,134.29 ",9356.92
1,104435003,Mercer Area SD,Mercer,"1,082.50","1,268.10","$9,631.07 ","$5,087.61 ",$627.68 ,"$15,346.36 ",$1.22 ,"$1,530.32 ","$16,877.90 ",8925.51
1,123465303,Methacton SD,Montgomery,"4,860.41","5,584.44","$12,818.95 ","$6,901.97 ",$311.13 ,"$20,032.05 ",$0.00 ,"$2,242.07 ","$22,274.12 ",13246.66
1,108565203,Meyersdale Area SD,Somerset,835.831,991.012,"$9,664.35 ","$5,576.22 ",$469.00 ,"$15,709.57 ",$27.79 ,$903.67 ,"$16,641.04 ",9256.14
1,119355503,Mid Valley SD,Lackawanna,"1,902.16","2,192.80","$9,458.16 ","$3,826.85 ",$377.88 ,"$13,662.89 ",$49.30 ,"$1,211.76 ","$14,923.95 ",8821.23
1,115226003,Middletown Area SD,Dauphin,"2,532.28","2,942.59","$9,948.05 ","$5,637.05 ",$544.21 ,"$16,129.31 ",$10.88 ,"$2,467.85 ","$18,608.03 ",10044.5
1,116555003,Midd-West SD,Snyder,"2,204.88","2,593.52","$9,770.43 ","$4,315.53 ",$261.65 ,"$14,347.61 ",$0.00 ,"$4,634.88 ","$18,982.49 ",8018.59
1,127045303,Midland Borough SD,Beaver,378.558,434.658,"$9,532.68 ","$4,376.21 ",$185.44 ,"$14,094.34 ",$0.00 ,$542.93 ,"$14,637.27 ",8139.82
1,111444602,Mifflin County SD,Mifflin,"5,051.80","5,931.82","$8,806.36 ","$4,205.95 ",$223.28 ,"$13,235.59 ",$0.00 ,"$1,783.01 ","$15,018.60 ",7608.28
1,116605003,Mifflinburg Area SD,Union,"2,099.35","2,480.41","$8,923.95 ","$4,824.91 ",$271.01 ,"$14,019.87 ",$0.00 ,$978.24 ,"$14,998.11 ",8829.56
1,105257602,Millcreek Township SD,Erie,"6,555.69","7,741.25","$8,641.28 ","$4,769.72 ",$267.35 ,"$13,678.35 ",$0.00 ,"$1,460.98 ","$15,139.32 ",8174.2
1,115226103,Millersburg Area SD,Dauphin,815.407,957.689,"$10,827.72 ","$5,268.60 ",$394.07 ,"$16,490.39 ",$25.02 ,"$1,885.96 ","$18,401.37 ",9711.12
1,116195004,Millville Area SD,Columbia,701.649,836.908,"$11,104.22 ","$7,138.72 ",$404.00 ,"$18,646.94 ",$0.00 ,$480.77 ,"$19,127.71 ",11308.46
1,116495003,Milton Area SD,Northumberland,"2,056.75","2,410.71","$9,678.86 ","$5,200.98 ",$399.34 ,"$15,279.18 ","$1,379.65 ",$954.46 ,"$17,613.29 ",10320.97
1,129544703,Minersville Area SD,Schuylkill,"1,212.77","1,400.04","$9,966.19 ","$4,553.32 ",$401.50 ,"$14,921.01 ",$15.23 ,"$1,671.61 ","$16,607.85 ",9401.33
1,104375003,Mohawk Area SD,Lawrence,"1,505.83","1,763.57","$10,047.92 ","$4,394.01 ",$380.04 ,"$14,821.97 ",$104.99 ,"$1,144.85 ","$16,071.82 ",8811.39
1,107655803,Monessen City SD,Westmoreland,779.582,914.783,"$11,850.13 ","$6,602.66 ",$439.12 ,"$18,891.90 ",$0.00 ,"$1,462.62 ","$20,354.52 ",10843.35
1,104105353,Moniteau SD,Butler,"1,275.46","1,467.02","$9,514.37 ","$6,112.25 ",$808.17 ,"$16,434.79 ",$3.01 ,$933.57 ,"$17,371.37 ",9716.61
1,117415004,Montgomery Area SD,Lycoming,881.807,"1,026.11","$10,841.13 ","$4,964.68 ",$680.19 ,"$16,486.00 ",$0.00 ,"$2,181.90 ","$18,667.91 ",10300.99
1,103026303,Montour SD,Allegheny,"2,961.42","3,450.05","$12,455.59 ","$6,159.33 ",$454.90 ,"$19,069.83 ",$5.19 ,"$4,078.89 ","$23,153.91 ",12511.23
1,117415103,Montoursville Area SD,Lycoming,"1,981.53","2,321.92","$8,681.46 ","$4,123.05 ",$284.48 ,"$13,089.00 ",$17.47 ,"$1,808.72 ","$14,915.19 ",8244.02
1,119584503,Montrose Area SD,Susquehanna,"1,332.12","1,563.94","$11,813.30 ","$6,827.20 ",$381.87 ,"$19,022.38 ",$0.77 ,$774.75 ,"$19,797.90 ",11133.05
1,103026343,Moon Area SD,Allegheny,"3,996.24","4,675.75","$11,072.58 ","$5,283.60 ",$373.08 ,"$16,729.26 ",$0.00 ,"$2,785.84 ","$19,515.10 ",11046.73
1,122097203,Morrisville Borough SD,Bucks,986.873,"1,156.35","$15,622.21 ","$6,166.77 ",$478.55 ,"$22,267.53 ",$0.00 ,"$1,118.45 ","$23,385.98 ",13932.43
1,110175003,Moshannon Valley SD,Clearfield,885.907,"1,040.58","$9,788.84 ","$5,404.11 ",$476.59 ,"$15,669.54 ",$73.66 ,"$1,487.96 ","$17,231.15 ",9253.89
1,116495103,Mount Carmel Area SD,Northumberland,"1,504.44","1,753.88","$9,126.60 ","$3,464.59 ",$331.61 ,"$12,922.80 ",$0.00 ,$646.82 ,"$13,569.62 ",7362.83
1,107655903,Mount Pleasant Area SD,Westmoreland,"2,129.27","2,499.25","$9,156.89 ","$4,865.06 ",$361.95 ,"$14,383.90 ",$0.00 ,"$1,691.43 ","$16,075.33 ",8357.35
1,111316003,Mount Union Area SD,Huntingdon,"1,385.52","1,634.21","$10,090.46 ","$4,287.84 ",$312.11 ,"$14,690.42 ",$0.00 ,"$10,320.12 ","$25,010.53 ",8072.39
1,119584603,Mountain View SD,Susquehanna,952.23,"1,114.43","$13,419.94 ","$7,305.24 ",$462.24 ,"$21,187.42 ",$0.00 ,"$1,322.66 ","$22,510.08 ",13100.22
1,103026402,Mt Lebanon SD,Allegheny,"5,539.05","6,329.49","$10,583.59 ","$4,715.66 ",$475.99 ,"$15,775.25 ",$0.00 ,"$2,102.45 ","$17,877.70 ",11252.2
1,114065503,Muhlenberg SD,Berks,"4,048.36","4,754.89","$8,838.44 ","$4,302.04 ",$392.59 ,"$13,533.07 ",$0.00 ,"$1,916.68 ","$15,449.76 ",8544.88
1,117415303,Muncy SD,Lycoming,"1,065.26","1,244.11","$9,728.02 ","$4,904.33 ",$670.23 ,"$15,302.58 ",$0.00 ,"$1,505.00 ","$16,807.58 ",10012.04
1,120484803,Nazareth Area SD,Northampton,"4,958.48","5,834.30","$10,509.91 ","$5,075.80 ",$379.99 ,"$15,965.69 ",$0.00 ,"$2,060.62 ","$18,026.31 ",10594.58
1,122097502,Neshaminy SD,Bucks,"9,370.80","10,989.48","$11,861.23 ","$5,008.79 ",$210.72 ,"$17,080.74 ",$89.01 ,"$1,257.00 ","$18,426.76 ",11237.96
1,104375203,Neshannock Township SD,Lawrence,"1,261.25","1,488.87","$8,885.74 ","$4,805.29 ",$433.20 ,"$14,124.24 ",$0.00 ,"$1,492.20 ","$15,616.44 ",9074.6
1,127045653,New Brighton Area SD,Beaver,"1,437.33","1,676.06","$10,556.59 ","$5,008.07 ",$483.78 ,"$16,048.44 ",$3.64 ,"$1,217.27 ","$17,269.35 ",9247.3
1,104375302,New Castle Area SD,Lawrence,"3,329.07","3,863.70","$11,006.04 ","$4,007.31 ",$363.60 ,"$15,376.94 ",$34.15 ,"$1,409.62 ","$16,820.71 ",8004.88
1,122097604,New Hope-Solebury SD,Bucks,"1,385.59","1,651.29","$15,824.97 ","$9,224.34 ",$582.21 ,"$25,631.52 ",$0.00 ,"$3,748.16 ","$29,379.68 ",17453.4
1,107656303,New Kensington-Arnold SD,Westmoreland,"2,024.97","2,342.27","$11,552.02 ","$4,555.95 ",$296.15 ,"$16,404.11 ",$0.00 ,"$1,849.71 ","$18,253.82 ",9456.38
1,115504003,Newport SD,Perry,"1,094.27","1,287.90","$11,564.43 ","$4,740.63 ",$414.38 ,"$16,719.44 ",$43.85 ,"$7,813.44 ","$24,576.73 ",10314.68
1,123465602,Norristown Area SD,Montgomery,"8,072.84","9,294.93","$12,270.14 ","$5,781.59 ",$269.32 ,"$18,321.05 ",$0.00 ,$733.05 ,"$19,054.09 ",11572.06
1,103026852,North Allegheny SD,Allegheny,"8,655.55","9,884.44","$11,385.18 ","$5,532.51 ",$476.83 ,"$17,394.52 ",$7.70 ,"$2,094.50 ","$19,496.72 ",11376.69
1,106167504,North Clarion County SD,Clarion,613.918,719.839,"$9,498.27 ","$4,537.25 ",$197.45 ,"$14,232.98 ",$0.00 ,$757.95 ,"$14,990.92 ",8494.55
1,105258303,North East SD,Erie,"1,692.39","1,980.80","$8,250.47 ","$4,231.04 ",$353.00 ,"$12,834.51 ",$0.00 ,"$3,983.83 ","$16,818.34 ",7718.81
1,103026902,North Hills SD,Allegheny,"4,518.40","5,234.77","$10,963.16 ","$4,787.00 ",$329.77 ,"$16,079.93 ",$0.00 ,"$2,487.54 ","$18,567.48 ",10768.01
1,123465702,North Penn SD,Montgomery,"12,832.59","14,687.10","$12,663.59 ","$5,817.75 ",$241.22 ,"$18,722.55 ",$0.00 ,"$1,557.67 ","$20,280.22 ",12472.05
1,119356503,North Pocono SD,Lackawanna,"3,079.57","3,612.18","$10,386.18 ","$5,222.13 ",$454.18 ,"$16,062.49 ",$96.35 ,"$1,659.63 ","$17,818.47 ",10286.36
1,129545003,North Schuylkill SD,Schuylkill,"2,041.44","2,395.60","$8,930.03 ","$4,390.44 ",$398.75 ,"$13,719.22 ",$0.00 ,$953.61 ,"$14,672.83 ",7800.36
1,108565503,North Star SD,Somerset,"1,125.85","1,297.42","$8,843.42 ","$5,397.90 ",$346.77 ,"$14,588.08 ",$0.00 ,"$1,089.89 ","$15,677.98 ",8449.54
1,120484903,Northampton Area SD,Northampton,"5,817.25","6,867.05","$11,132.32 ","$5,397.60 ",$286.46 ,"$16,816.39 ",$0.00 ,"$1,795.59 ","$18,611.98 ",10978.86
1,117083004,Northeast Bradford SD,Bradford,745.624,878.067,"$10,893.49 ","$6,148.04 ",$346.36 ,"$17,387.89 ",$0.00 ,$984.41 ,"$18,372.30 ",10516.71
1,112674403,Northeastern York SD,York,"4,101.76","4,797.03","$10,254.04 ","$4,651.26 ",$256.73 ,"$15,162.04 ",$0.00 ,"$2,572.21 ","$17,734.25 ",9678.37
1,108056004,Northern Bedford County SD,Bedford,890.199,"1,024.28","$8,960.43 ","$4,476.55 ",$379.18 ,"$13,816.17 ",$0.00 ,"$1,045.29 ","$14,861.45 ",8126.44
1,108114503,Northern Cambria SD,Cambria,"1,046.17","1,246.40","$10,185.88 ","$5,269.08 ",$418.44 ,"$15,873.41 ",$1.27 ,"$2,278.03 ","$18,152.71 ",9327.57
1,113385003,Northern Lebanon SD,Lebanon,"2,400.35","2,733.17","$10,212.36 ","$4,982.56 ",$298.18 ,"$15,493.10 ",$0.00 ,$893.79 ,"$16,386.89 ",10198.67
1,121394503,Northern Lehigh SD,Lehigh,"1,612.37","1,888.16","$11,767.99 ","$6,722.51 ",$461.50 ,"$18,951.99 ",$369.58 ,"$2,118.76 ","$21,440.33 ",12262.62
1,109535504,Northern Potter SD,Potter,521.765,602.694,"$11,562.44 ","$6,694.07 ",$288.09 ,"$18,544.60 ",$315.38 ,$928.17 ,"$19,788.15 ",10735.63
1,117596003,Northern Tioga SD,Tioga,"2,200.68","2,544.43","$9,502.40 ","$4,321.62 ",$312.90 ,"$14,136.92 ",$19.14 ,$961.28 ,"$15,117.34 ",8375.77
1,115674603,Northern York County SD,York,"3,312.37","3,785.44","$8,473.79 ","$4,557.45 ",$456.53 ,"$13,487.78 ",$82.27 ,"$1,404.81 ","$14,974.86 ",8942.75
1,103026873,Northgate SD,Allegheny,"1,125.73","1,300.24","$12,970.64 ","$6,536.83 ",$527.23 ,"$20,034.71 ","$1,345.42 ",$737.01 ,"$22,117.14 ",13032.57
1,118406003,Northwest Area SD,Luzerne,"1,053.62","1,251.24","$12,318.78 ","$5,747.87 ",$376.03 ,"$18,442.68 ",$0.00 ,$831.55 ,"$19,274.23 ",10420.48
1,121394603,Northwestern Lehigh SD,Lehigh,"2,225.99","2,640.43","$11,024.93 ","$6,529.26 ",$466.24 ,"$18,020.43 ",$0.00 ,"$3,213.98 ","$21,234.41 ",11565.93
1,105258503,Northwestern SD,Erie,"1,394.95","1,633.80","$9,697.06 ","$4,536.55 ",$364.43 ,"$14,598.04 ",$0.00 ,$75.27 ,"$14,673.31 ",8053.02
1,107656502,Norwin SD,Westmoreland,"5,473.28","6,309.47","$7,639.97 ","$3,512.87 ",$358.39 ,"$11,511.23 ",$0.00 ,"$1,074.56 ","$12,585.79 ",7157.59
1,124156503,Octorara Area SD,Chester,"2,478.73","2,925.94","$13,427.88 ","$5,760.62 ",$281.25 ,"$19,469.75 ",$0.00 ,"$2,271.52 ","$21,741.27 ",12620.21
1,106616203,Oil City Area SD,Venango,"1,993.51","2,345.04","$9,431.19 ","$5,048.59 ",$373.87 ,"$14,853.65 ",$1.71 ,"$1,608.61 ","$16,463.97 ",8331.37
1,119356603,Old Forge SD,Lackawanna,983.245,"1,147.68","$9,372.02 ","$3,765.90 ",$371.06 ,"$13,508.98 ",$248.65 ,$836.01 ,"$14,593.64 ",8685.27
1,114066503,Oley Valley SD,Berks,"1,665.89","1,967.38","$11,470.09 ","$6,125.56 ",$447.09 ,"$18,042.73 ",$0.00 ,"$1,659.12 ","$19,701.85 ",11562.53
1,109537504,Oswayo Valley SD,Potter,412.773,478.166,"$11,560.46 ","$7,475.90 ",$713.07 ,"$19,749.43 ",$79.92 ,"$1,531.35 ","$21,360.71 ",11664.9
1,109426003,Otto-Eldred SD,McKean,619.037,723.853,"$11,189.82 ","$5,472.60 ",$515.88 ,"$17,178.30 ",$0.00 ,"$1,189.79 ","$18,368.09 ",9593.39
1,124156603,Owen J Roberts SD,Chester,"5,720.95","6,517.25","$10,756.54 ","$5,786.23 ",$360.74 ,"$16,903.51 ",$0.00 ,"$2,501.11 ","$19,404.62 ",11615.31
1,124156703,Oxford Area SD,Chester,"4,170.51","4,937.49","$10,626.82 ","$4,104.81 ",$279.68 ,"$15,011.31 ",$0.00 ,"$4,649.21 ","$19,660.53 ",9618.99
1,122098003,Palisades SD,Bucks,"1,624.90","1,937.73","$15,002.82 ","$8,731.45 ",$685.95 ,"$24,420.23 ",$341.61 ,"$2,064.63 ","$26,826.47 ",16305.73
1,121136503,Palmerton Area SD,Carbon,"1,914.11","2,250.90","$10,519.61 ","$4,452.06 ",$513.45 ,"$15,485.12 ",$0.00 ,"$3,280.06 ","$18,765.18 ",9812.03
1,113385303,Palmyra Area SD,Lebanon,"3,688.55","4,247.72","$7,886.64 ","$4,074.05 ",$291.51 ,"$12,252.20 ",$4.78 ,"$2,865.83 ","$15,122.81 ",7782.46
1,121136603,Panther Valley SD,Carbon,"1,754.67","2,068.76","$10,425.43 ","$3,593.22 ",$271.70 ,"$14,290.35 ",$0.00 ,"$1,392.67 ","$15,683.03 ",8297.62
1,121395103,Parkland SD,Lehigh,"9,787.37","11,529.34","$11,163.68 ","$5,151.96 ",$227.08 ,"$16,542.72 ",$0.00 ,"$1,706.91 ","$18,249.63 ",10819.38
1,120485603,Pen Argyl Area SD,Northampton,"1,643.91","1,944.59","$10,426.60 ","$5,996.31 ",$630.80 ,"$17,053.71 ",$0.00 ,"$1,524.20 ","$18,577.91 ",11075.16
1,108116003,Penn Cambria SD,Cambria,"1,684.68","1,991.65","$8,744.07 ","$4,367.09 ",$348.11 ,"$13,459.26 ",$7.84 ,$926.83 ,"$14,393.93 ",7765.92
1,103027352,Penn Hills SD,Allegheny,"4,208.25","4,943.56","$12,594.69 ","$5,822.73 ",$281.89 ,"$18,699.31 ",$0.00 ,"$2,833.38 ","$21,532.69 ",10390.24
1,113365203,Penn Manor SD,Lancaster,"5,518.82","6,244.18","$9,458.13 ","$4,140.40 ",$274.23 ,"$13,872.77 ",$0.00 ,"$2,166.42 ","$16,039.19 ",9164.41
1,105204703,Penncrest SD,Crawford,"2,842.29","3,351.42","$11,714.38 ","$5,421.99 ",$347.89 ,"$17,484.26 ",$0.00 ,$825.82 ,"$18,310.08 ",9298.49
1,125236903,Penn-Delco SD,Delaware,"3,475.77","3,958.11","$9,821.81 ","$5,699.50 ",$304.78 ,"$15,826.10 ",$16.49 ,"$1,898.18 ","$17,740.76 ",10695.41
1,122098103,Pennridge SD,Bucks,"7,232.29","8,370.83","$11,392.55 ","$5,438.12 ",$236.52 ,"$17,067.19 ",$0.00 ,"$2,367.16 ","$19,434.35 ",11405.22
1,128326303,Penns Manor Area SD,Indiana,808.297,947.185,"$13,639.69 ","$6,661.88 ",$605.71 ,"$20,907.28 ",$0.00 ,"$2,336.27 ","$23,243.54 ",12270.61
1,110147003,Penns Valley Area SD,Centre,"1,507.51","1,757.67","$9,579.34 ","$5,650.28 ",$465.60 ,"$15,695.22 ",$0.00 ,"$1,869.10 ","$17,564.32 ",9837.24
1,122098202,Pennsbury SD,Bucks,"10,638.41","12,462.42","$12,657.99 ","$5,206.53 ",$116.89 ,"$17,981.41 ",$8.46 ,"$2,537.12 ","$20,526.99 ",11891.85
1,107657103,Penn-Trafford SD,Westmoreland,"3,946.90","4,543.19","$8,258.74 ","$4,588.10 ",$468.80 ,"$13,315.64 ",$2.84 ,$753.61 ,"$14,072.10 ",8575.87
1,113365303,Pequea Valley SD,Lancaster,"1,507.03","1,759.44","$13,572.45 ","$7,985.73 ",$543.83 ,"$22,102.01 ",$0.00 ,"$4,078.02 ","$26,180.02 ",13874
1,123466103,Perkiomen Valley SD,Montgomery,"5,548.75","6,383.34","$11,302.59 ","$5,831.85 ",$312.26 ,"$17,446.71 ",$0.39 ,"$1,894.54 ","$19,341.63 ",11517.33
1,101636503,Peters Township SD,Washington,"4,134.95","4,746.02","$9,383.10 ","$4,475.73 ",$406.81 ,"$14,265.64 ",$0.00 ,"$1,769.37 ","$16,035.01 ",9659.57
1,126515001,Philadelphia City SD,Philadelphia,"203,604.80","235,093.69","$11,638.80 ","$3,821.76 ",$101.85 ,"$15,562.41 ",$10.69 ,"$1,477.34 ","$17,050.44 ",8619.85
1,110177003,Philipsburg-Osceola Area SD,Clearfield,"1,723.88","2,016.57","$10,917.61 ","$6,165.50 ",$468.87 ,"$17,551.98 ",$0.00 ,"$1,533.81 ","$19,085.79 ",10714.73
1,124157203,Phoenixville Area SD,Chester,"4,400.52","5,089.66","$12,251.37 ","$5,656.54 ",$496.81 ,"$18,404.72 ",$0.00 ,"$2,554.19 ","$20,958.91 ",12454.05
1,129546003,Pine Grove Area SD,Schuylkill,"1,639.93","1,932.67","$8,760.47 ","$4,532.31 ",$309.30 ,"$13,602.08 ","$1,122.66 ","$1,246.25 ","$15,970.99 ",7870.96
1,103021003,Pine-Richland SD,Allegheny,"4,694.53","5,382.70","$10,240.47 ","$4,962.67 ",$433.56 ,"$15,636.70 ",$0.00 ,"$4,858.90 ","$20,495.60 ",10446.95
1,102027451,Pittsburgh SD,Allegheny,"26,036.56","30,140.07","$16,372.85 ","$8,277.21 ",$229.80 ,"$24,879.86 ",$62.52 ,"$1,966.64 ","$26,909.02 ",15121.25
1,118406602,Pittston Area SD,Luzerne,"3,295.72","3,860.62","$9,333.20 ","$4,662.48 ",$290.76 ,"$14,286.44 ",$0.00 ,"$1,883.04 ","$16,169.48 ",8787.89
1,120455203,Pleasant Valley SD,Monroe,"4,704.47","5,438.56","$13,232.89 ","$6,406.06 ",$380.33 ,"$20,019.28 ",$5.50 ,"$1,183.93 ","$21,208.70 ",12472.45
1,103027503,Plum Borough SD,Allegheny,"3,736.20","4,287.13","$9,757.32 ","$4,541.15 ",$366.23 ,"$14,664.69 ",$0.00 ,"$2,363.43 ","$17,028.12 ",9117.81
1,120455403,Pocono Mountain SD,Monroe,"9,405.70","11,124.71","$13,338.01 ","$6,927.65 ",$438.80 ,"$20,704.46 ",$0.00 ,"$2,178.46 ","$22,882.91 ",13052.7
1,109426303,Port Allegany SD,McKean,900.821,"1,040.91","$10,324.14 ","$4,692.36 ",$422.52 ,"$15,439.01 ",$0.00 ,"$1,456.10 ","$16,895.11 ",9202.99
1,108116303,Portage Area SD,Cambria,898.338,"1,039.64","$8,037.41 ","$4,794.09 ",$672.29 ,"$13,503.79 ",$0.00 ,$994.25 ,"$14,498.04 ",7908.75
1,123466303,Pottsgrove SD,Montgomery,"3,306.66","3,875.54","$12,146.52 ","$5,893.81 ",$360.45 ,"$18,400.79 ",$0.00 ,"$1,860.14 ","$20,260.93 ",11732.33
1,123466403,Pottstown SD,Montgomery,"3,438.63","3,963.63","$11,623.12 ","$5,291.65 ",$285.14 ,"$17,199.91 ",$231.50 ,"$1,243.75 ","$18,675.15 ",10559.6
1,129546103,Pottsville Area SD,Schuylkill,"2,531.46","2,974.80","$10,676.58 ","$5,229.55 ",$391.25 ,"$16,297.37 ",$0.00 ,$569.49 ,"$16,866.87 ",9518.11
1,106338003,Punxsutawney Area SD,Jefferson,"2,215.96","2,603.32","$10,598.41 ","$5,508.31 ",$414.86 ,"$16,521.58 ",$34.09 ,"$1,189.74 ","$17,745.41 ",9400.2
1,128327303,Purchase Line SD,Indiana,853.158,998.542,"$12,881.69 ","$7,805.87 ",$388.92 ,"$21,076.47 ",$24.00 ,"$1,040.46 ","$22,140.93 ",11429.44
1,103027753,Quaker Valley SD,Allegheny,"2,014.75","2,321.74","$12,152.00 ","$7,548.34 ",$808.34 ,"$20,508.68 ",$0.00 ,"$4,363.17 ","$24,871.86 ",13965.35
1,122098403,Quakertown Community SD,Bucks,"5,320.27","6,160.31","$11,966.08 ","$5,375.14 ",$220.30 ,"$17,561.52 ",$0.00 ,"$2,136.56 ","$19,698.08 ",11796.5
1,125237603,Radnor Township SD,Delaware,"3,726.98","4,373.99","$15,226.81 ","$8,436.12 ",$375.51 ,"$24,038.44 ",$0.00 ,"$2,265.86 ","$26,304.30 ",15741.58
1,114067002,Reading SD,Berks,"18,871.16","21,609.82","$8,435.51 ","$4,020.10 ",$162.55 ,"$12,618.16 ",$290.80 ,"$2,176.16 ","$15,085.12 ",7346.55
1,112675503,Red Lion Area SD,York,"5,522.00","6,335.64","$9,751.85 ","$4,680.11 ",$244.97 ,"$14,676.93 ",$0.00 ,"$1,711.05 ","$16,387.98 ",8976.3
1,106168003,Redbank Valley SD,Clarion,"1,165.60","1,360.74","$10,321.88 ","$4,527.60 ",$379.35 ,"$15,228.84 ",$452.76 ,$593.28 ,"$16,274.87 ",8635.98
1,104435303,Reynolds SD,Mercer,"1,068.07","1,256.28","$11,460.30 ","$5,758.64 ",$521.41 ,"$17,740.34 ",$0.00 ,$835.79 ,"$18,576.13 ",10222.47
1,108116503,Richland SD,Cambria,"1,537.82","1,811.47","$7,837.84 ","$4,553.34 ",$616.71 ,"$13,007.89 ",$0.00 ,"$1,979.58 ","$14,987.47 ",8282.46
1,109246003,Ridgway Area SD,Elk,804.727,938.555,"$10,933.74 ","$5,609.35 ",$276.42 ,"$16,819.51 ",$0.00 ,$343.68 ,"$17,163.19 ",10518.5
1,125237702,Ridley SD,Delaware,"5,644.21","6,519.52","$13,414.74 ","$4,917.26 ",$234.77 ,"$18,566.77 ",$0.00 ,"$1,040.19 ","$19,606.96 ",12473.97
1,101637002,Ringgold SD,Washington,"2,939.70","3,451.69","$8,359.54 ","$5,080.85 ",$318.48 ,"$13,758.87 ",$0.00 ,"$2,167.15 ","$15,926.02 ",7921.42
1,127045853,Riverside Beaver County SD,Beaver,"1,492.44","1,757.18","$9,513.40 ","$5,334.22 ",$390.98 ,"$15,238.60 ",$47.23 ,"$1,576.77 ","$16,862.59 ",9372.12
1,119357003,Riverside SD,Lackawanna,"1,614.93","1,894.80","$9,492.25 ","$4,663.58 ",$287.36 ,"$14,443.19 ",$5.35 ,"$1,722.08 ","$16,170.62 ",9310.8
1,103028203,Riverview SD,Allegheny,"1,016.32","1,177.64","$12,191.99 ","$7,485.68 ",$740.45 ,"$20,418.12 ",$9.15 ,"$1,458.70 ","$21,885.97 ",13747.62
1,127046903,Rochester Area SD,Beaver,792.022,919.88,"$13,633.54 ","$6,569.95 ",$494.59 ,"$20,698.08 ",$0.00 ,"$1,560.96 ","$22,259.04 ",12908.03
1,108566303,Rockwood Area SD,Somerset,703.084,838.7,"$9,369.62 ","$5,166.76 ",$398.17 ,"$14,934.55 ",$788.39 ,$0.00 ,"$15,722.94 ",10097.74
1,125237903,Rose Tree Media SD,Delaware,"3,975.94","4,508.54","$13,790.04 ","$7,378.11 ",$432.33 ,"$21,600.48 ",$0.00 ,"$2,971.57 ","$24,572.05 ",14595.38
1,129546803,Saint Clair Area SD,Schuylkill,774.999,907.648,"$8,864.14 ","$3,320.07 ",$222.68 ,"$12,406.89 ",$0.00 ,"$1,596.53 ","$14,003.42 ",6992.48
1,109248003,Saint Marys Area SD,Elk,"2,031.57","2,395.50","$8,371.48 ","$5,006.90 ",$324.43 ,"$13,702.80 ",$0.00 ,$792.90 ,"$14,495.70 ",8445.25
1,121395603,Salisbury Township SD,Lehigh,"1,703.62","2,011.55","$12,280.93 ","$7,848.61 ",$596.12 ,"$20,725.66 ",$30.64 ,"$2,091.65 ","$22,847.96 ",13654.19
1,108567004,Salisbury-Elk Lick SD,Somerset,268.721,308.934,"$9,962.33 ","$6,141.18 ",$383.44 ,"$16,486.95 ",$0.00 ,$484.65 ,"$16,971.61 ",9119.75
1,120486003,Saucon Valley SD,Northampton,"2,286.62","2,713.89","$11,921.71 ","$6,799.88 ",$533.43 ,"$19,255.02 ",$0.00 ,$903.85 ,"$20,158.86 ",12821.72
1,117086003,Sayre Area SD,Bradford,"1,096.58","1,261.98","$10,250.24 ","$5,376.95 ",$439.82 ,"$16,067.01 ",$0.59 ,$768.66 ,"$16,836.26 ",10293.81
1,129547303,Schuylkill Haven Area SD,Schuylkill,"1,195.14","1,406.34","$9,708.91 ","$5,886.84 ",$392.86 ,"$15,988.61 ",$0.00 ,"$1,327.90 ","$17,316.51 ",9247.35
1,114067503,Schuylkill Valley SD,Berks,"2,101.26","2,460.26","$11,315.21 ","$4,795.60 ",$599.04 ,"$16,709.84 ",$0.00 ,"$1,669.13 ","$18,378.97 ",10938.82
1,119357402,Scranton SD,Lackawanna,"10,520.09","11,984.49","$9,421.57 ","$3,727.18 ",$143.22 ,"$13,291.97 ",$0.00 ,"$1,390.77 ","$14,682.74 ",7702.19
1,116557103,Selinsgrove Area SD,Snyder,"2,681.36","3,170.84","$9,422.00 ","$5,065.20 ",$348.16 ,"$14,835.36 ",$0.00 ,"$1,209.24 ","$16,044.60 ",9293.21
1,104107903,Seneca Valley SD,Butler,"7,414.71","8,464.46","$10,815.03 ","$4,731.75 ",$296.78 ,"$15,843.56 ",$5.37 ,"$2,023.08 ","$17,872.01 ",10157.69
1,108567204,Shade-Central City SD,Somerset,404.074,482.799,"$12,274.40 ","$6,381.25 ",$652.06 ,"$19,307.71 ",$37.26 ,"$2,743.49 ","$22,088.46 ",11345.6
1,103028302,Shaler Area SD,Allegheny,"4,293.01","5,038.28","$11,637.25 ","$5,807.22 ",$458.33 ,"$17,902.80 ",$0.00 ,"$1,707.54 ","$19,610.34 ",11111.45
1,116496503,Shamokin Area SD,Northumberland,"2,373.40","2,781.85","$8,772.80 ","$3,843.49 ",$284.06 ,"$12,900.34 ",$0.00 ,$72.68 ,"$12,973.02 ",7314.3
1,108567404,Shanksville-Stonycreek SD,Somerset,323.542,364.293,"$11,397.80 ","$6,606.77 ",$435.99 ,"$18,440.56 ",$0.00 ,"$3,260.68 ","$21,701.24 ",11766.96
1,104435603,Sharon City SD,Mercer,"2,046.40","2,377.04","$11,332.77 ","$4,153.44 ",$495.21 ,"$15,981.42 ",$0.00 ,"$2,208.93 ","$18,190.35 ",9559.56
1,104435703,Sharpsville Area SD,Mercer,"1,168.48","1,383.73","$9,154.00 ","$4,245.97 ",$371.21 ,"$13,771.18 ",$0.23 ,"$1,276.89 ","$15,048.30 ",7924.18
1,129547203,Shenandoah Valley SD,Schuylkill,"1,179.74","1,373.42","$9,684.06 ","$3,674.31 ",$289.80 ,"$13,648.18 ",$0.00 ,"$1,171.61 ","$14,819.78 ",7883.1
1,104376203,Shenango Area SD,Lawrence,"1,169.42","1,371.87","$10,186.95 ","$4,475.29 ",$532.19 ,"$15,194.42 ",$8.40 ,$566.61 ,"$15,769.43 ",9351.61
1,116496603,Shikellamy SD,Northumberland,"3,024.07","3,519.24","$10,836.52 ","$3,901.55 ",$190.81 ,"$14,928.88 ",$0.00 ,"$1,099.13 ","$16,028.01 ",9121.69
1,115218003,Shippensburg Area SD,Cumberland,"3,450.09","4,036.17","$8,883.86 ","$3,895.42 ",$222.04 ,"$13,001.33 ",$29.00 ,"$1,030.80 ","$14,061.12 ",8028.76
1,104107503,Slippery Rock Area SD,Butler,"2,044.65","2,411.48","$10,141.72 ","$4,096.12 ",$439.58 ,"$14,677.42 ",$0.00 ,"$1,001.17 ","$15,678.59 ",9244.91
1,109427503,Smethport Area SD,McKean,775.798,911.778,"$10,862.65 ","$5,923.61 ",$434.62 ,"$17,220.88 ",$0.00 ,"$2,173.19 ","$19,394.07 ",9765.6
1,113367003,Solanco SD,Lancaster,"3,451.43","4,006.62","$9,600.58 ","$5,068.56 ",$331.29 ,"$15,000.43 ",$0.00 ,"$1,553.99 ","$16,554.42 ",9156.61
1,108567703,Somerset Area SD,Somerset,"2,070.09","2,434.46","$10,211.02 ","$5,206.80 ",$644.59 ,"$16,062.40 ",$0.00 ,"$2,491.40 ","$18,553.79 ",10018.48
1,123467103,Souderton Area SD,Montgomery,"6,778.31","7,795.33","$11,485.28 ","$5,254.12 ",$223.45 ,"$16,962.85 ",$3.87 ,"$1,911.88 ","$18,878.60 ",10907.59
1,103028653,South Allegheny SD,Allegheny,"1,599.25","1,878.22","$10,298.95 ","$4,570.10 ",$462.89 ,"$15,331.93 ",$3.10 ,$783.81 ,"$16,118.84 ",8907.23
1,104107803,South Butler County SD,Butler,"2,282.63","2,641.32","$8,712.93 ","$5,185.68 ",$421.69 ,"$14,320.30 ",$0.00 ,"$1,167.24 ","$15,487.54 ",8858.86
1,112676203,South Eastern SD,York,"2,703.29","3,169.12","$11,436.58 ","$5,967.47 ",$466.02 ,"$17,870.08 ",$133.44 ,"$1,496.26 ","$19,499.78 ",11377.61
1,103028703,South Fayette Township SD,Allegheny,"3,413.17","3,853.49","$8,109.02 ","$5,168.66 ",$531.08 ,"$13,808.76 ",$0.00 ,"$2,475.67 ","$16,284.43 ",8767.46
1,115218303,South Middleton SD,Cumberland,"2,185.66","2,565.63","$9,191.09 ","$4,979.61 ",$382.06 ,"$14,552.76 ",$0.00 ,"$1,768.01 ","$16,320.77 ",9570.95
1,103028753,South Park SD,Allegheny,"1,831.37","2,084.56","$9,709.23 ","$5,510.65 ",$516.11 ,"$15,735.98 ",$0.00 ,"$2,776.24 ","$18,512.22 ",10072.17
1,127047404,South Side Area SD,Beaver,"1,045.45","1,226.24","$12,571.08 ","$7,530.33 ",$667.05 ,"$20,768.46 ",$590.55 ,"$1,363.39 ","$22,722.40 ",13074.85
1,112676403,South Western SD,York,"4,355.26","5,094.91","$10,041.81 ","$4,479.76 ",$271.32 ,"$14,792.88 ",$0.00 ,"$3,481.31 ","$18,274.20 ",9774.46
1,117416103,South Williamsport Area SD,Lycoming,"1,320.09","1,544.26","$9,171.10 ","$4,058.39 ",$393.06 ,"$13,622.56 ",$0.00 ,"$1,367.01 ","$14,989.57 ",8539.61
1,125238402,Southeast Delco SD,Delaware,"4,777.93","5,545.02","$11,266.56 ","$4,696.36 ",$216.45 ,"$16,179.37 ",$0.00 ,"$1,574.60 ","$17,753.97 ",9523.74
1,101306503,Southeastern Greene SD,Greene,600.249,702.115,"$11,304.44 ","$7,070.51 ",$566.78 ,"$18,941.73 ",$1.95 ,"$1,006.25 ","$19,949.93 ",10053.87
1,116197503,Southern Columbia Area SD,Columbia,"1,418.74","1,676.17","$9,095.52 ","$4,812.97 ",$427.88 ,"$14,336.37 ",$245.74 ,"$1,348.18 ","$15,930.29 ",8812.99
1,111297504,Southern Fulton SD,Fulton,726.125,845.978,"$10,886.38 ","$5,223.93 ",$357.16 ,"$16,467.47 ",$0.00 ,$494.73 ,"$16,962.20 ",10361.16
1,111317503,Southern Huntingdon County SD,Huntingdon,"1,160.45","1,360.49","$8,788.70 ","$4,895.93 ",$243.81 ,"$13,928.44 ",$0.00 ,"$2,432.90 ","$16,361.34 ",7839.24
1,121395703,Southern Lehigh SD,Lehigh,"3,275.97","3,817.98","$11,485.44 ","$5,937.58 ",$431.15 ,"$17,854.17 ",$0.00 ,"$2,112.85 ","$19,967.02 ",11915.95
1,117597003,Southern Tioga SD,Tioga,"1,872.72","2,198.67","$9,522.31 ","$5,147.60 ",$384.34 ,"$15,054.24 ",$0.00 ,"$2,064.36 ","$17,118.60 ",9200.23
1,112676503,Southern York County SD,York,"3,137.08","3,694.02","$9,638.91 ","$5,611.56 ",$304.29 ,"$15,554.76 ",$0.00 ,"$2,035.97 ","$17,590.73 ",9680.38
1,107657503,Southmoreland SD,Westmoreland,"1,949.22","2,266.56","$9,213.29 ","$4,425.85 ",$390.47 ,"$14,029.61 ",$0.00 ,"$1,424.47 ","$15,454.08 ",8493.03
1,108077503,Spring Cove SD,Blair,"1,779.94","2,094.74","$8,134.22 ","$4,442.90 ",$329.90 ,"$12,907.02 ",$0.00 ,"$2,167.37 ","$15,074.39 ",7341.61
1,112676703,Spring Grove Area SD,York,"4,089.32","4,791.35","$9,759.72 ","$5,407.82 ",$298.49 ,"$15,466.02 ",$0.00 ,"$4,135.81 ","$19,601.84 ",9806.96
1,125238502,Springfield SD,Delaware,"4,193.36","4,758.01","$10,362.15 ","$5,256.57 ",$452.99 ,"$16,071.70 ",$0.00 ,"$1,807.80 ","$17,879.50 ",11301.58
1,123467203,Springfield Township SD,Montgomery,"2,594.09","3,000.62","$11,710.47 ","$6,748.78 ",$418.80 ,"$18,878.06 ",$0.00 ,"$3,181.47 ","$22,059.53 ",12509.25
1,123467303,Spring-Ford Area SD,Montgomery,"8,218.71","9,401.27","$11,616.74 ","$5,567.27 ",$324.77 ,"$17,508.79 ",$4.69 ,"$2,069.64 ","$19,583.12 ",11977.09
1,110148002,State College Area SD,Centre,"7,143.16","8,367.18","$12,292.20 ","$6,480.01 ",$418.92 ,"$19,191.13 ",$5.07 ,"$4,210.49 ","$23,406.69 ",11971.86
1,103028833,Steel Valley SD,Allegheny,"1,687.41","1,972.33","$14,587.30 ","$5,774.84 ",$430.93 ,"$20,793.08 ",$0.95 ,"$2,228.14 ","$23,022.17 ",13591.68
1,115228003,Steelton-Highspire SD,Dauphin,"1,555.23","1,808.90","$9,677.35 ","$4,136.00 ",$106.92 ,"$13,920.28 ",$0.00 ,"$1,819.34 ","$15,739.62 ",7475.64
1,103028853,Sto-Rox SD,Allegheny,"1,790.20","2,046.24","$10,668.82 ","$4,033.53 ",$195.92 ,"$14,898.27 ",$0.00 ,"$2,662.41 ","$17,560.68 ",8888.34
1,120456003,Stroudsburg Area SD,Monroe,"5,275.98","6,250.84","$12,491.36 ","$6,024.77 ",$303.94 ,"$18,820.07 ",$0.00 ,"$2,884.71 ","$21,704.78 ",11328.1
1,117576303,Sullivan County SD,Sullivan,663.592,771.889,"$13,804.72 ","$7,632.93 ",$585.78 ,"$22,023.44 ",$39.48 ,$798.32 ,"$22,861.24 ",14559.63
1,119586503,Susquehanna Community SD,Susquehanna,854.163,960.802,"$12,740.40 ","$6,630.56 ",$487.15 ,"$19,858.11 ",$0.00 ,$58.10 ,"$19,916.21 ",11833.82
1,115228303,Susquehanna Township SD,Dauphin,"3,176.33","3,692.90","$10,422.36 ","$4,465.76 ",$340.27 ,"$15,228.39 ",$0.00 ,"$4,369.68 ","$19,598.07 ",10360.77
1,115506003,Susquenita SD,Perry,"1,832.27","2,114.52","$9,867.06 ","$5,216.68 ",$294.27 ,"$15,378.00 ",$0.00 ,"$1,769.25 ","$17,147.26 ",9374.08
1,129547603,Tamaqua Area SD,Schuylkill,"2,209.00","2,527.84","$8,557.65 ","$4,221.68 ",$222.68 ,"$13,002.01 ",$50.94 ,$965.47 ,"$14,018.42 ",8130.27
1,106617203,Titusville Area SD,Venango,"1,989.23","2,247.96","$9,521.78 ","$5,347.59 ",$412.83 ,"$15,282.20 ",$0.00 ,"$1,817.56 ","$17,099.77 ",8907.01
1,117086503,Towanda Area SD,Bradford,"1,578.28","1,826.77","$10,327.06 ","$5,007.89 ",$402.88 ,"$15,737.83 ",$92.81 ,"$1,760.81 ","$17,591.45 ",9556.95
1,124157802,Tredyffrin-Easttown SD,Chester,"7,176.42","8,241.41","$12,085.52 ","$6,000.42 ",$282.34 ,"$18,368.28 ",$0.00 ,"$1,515.64 ","$19,883.92 ",12819.86
1,101638003,Trinity Area SD,Washington,"3,252.38","3,802.73","$10,366.47 ","$5,787.84 ",$371.60 ,"$16,525.91 ",$0.00 ,"$1,837.42 ","$18,363.33 ",10104.23
1,129547803,Tri-Valley SD,Schuylkill,919.966,"1,066.51","$8,314.08 ","$4,105.68 ",$382.43 ,"$12,802.19 ",$0.00 ,$992.48 ,"$13,794.67 ",7577.57
1,117086653,Troy Area SD,Bradford,"1,493.18","1,732.43","$9,561.00 ","$5,062.36 ",$353.53 ,"$14,976.89 ",$0.41 ,"$7,673.04 ","$22,650.34 ",9007.59
1,114068003,Tulpehocken Area SD,Berks,"1,452.12","1,700.00","$12,373.26 ","$6,223.20 ",$330.69 ,"$18,927.15 ",$0.00 ,"$3,503.80 ","$22,430.96 ",12081.89
1,118667503,Tunkhannock Area SD,Wyoming,"2,302.58","2,720.96","$12,448.32 ","$6,403.03 ",$458.81 ,"$19,310.17 ",$15.19 ,"$1,566.20 ","$20,891.56 ",12104.59
1,108568404,Turkeyfoot Valley Area SD,Somerset,337.638,392.667,"$9,353.47 ","$6,800.22 ",$231.88 ,"$16,385.56 ",$0.00 ,$35.54 ,"$16,421.09 ",9444.92
1,112286003,Tuscarora SD,Franklin,"2,426.33","2,829.65","$8,412.46 ","$5,117.38 ",$321.03 ,"$13,850.88 ",$11.18 ,"$1,402.24 ","$15,264.29 ",8585.51
1,108058003,Tussey Mountain SD,Bedford,918.776,"1,067.85","$9,825.52 ","$5,461.32 ",$468.89 ,"$15,755.73 ",$143.19 ,"$2,446.63 ","$18,345.55 ",8874.73
1,114068103,Twin Valley SD,Berks,"3,347.10","3,945.90","$11,176.78 ","$5,202.08 ",$242.39 ,"$16,621.25 ",$0.00 ,"$4,902.03 ","$21,523.28 ",10377.55
1,108078003,Tyrone Area SD,Blair,"1,847.30","2,133.60","$8,080.62 ","$4,728.13 ",$286.61 ,"$13,095.36 ",$19.32 ,$684.59 ,"$13,799.27 ",7755.35
1,104377003,Union Area SD,Lawrence,776.763,888.385,"$9,334.67 ","$4,445.51 ",$500.28 ,"$14,280.46 ",$191.91 ,$8.61 ,"$14,480.98 ",9118.57
1,105259103,Union City Area SD,Erie,"1,100.31","1,253.55","$10,217.03 ","$5,025.12 ",$649.00 ,"$15,891.15 ",$41.65 ,$770.68 ,"$16,703.48 ",9022.7
1,106169003,Union SD,Clarion,579.892,671.773,"$11,710.44 ","$7,148.97 ",$493.28 ,"$19,352.69 ",$0.00 ,$761.70 ,"$20,114.39 ",11381.73
1,101268003,Uniontown Area SD,Fayette,"2,837.07","3,311.76","$10,213.03 ","$5,202.06 ",$216.30 ,"$15,631.39 ",$6.34 ,"$1,023.30 ","$16,661.03 ",8686.12
1,124158503,Unionville-Chadds Ford SD,Chester,"4,009.16","4,648.95","$12,432.39 ","$6,611.84 ",$434.71 ,"$19,478.94 ",$0.00 ,"$2,365.54 ","$21,844.48 ",13079.93
1,128328003,United SD,Indiana,"1,040.83","1,234.67","$12,586.73 ","$6,197.51 ",$384.91 ,"$19,169.15 ",$0.00 ,"$1,500.49 ","$20,669.64 ",11026.77
1,112018523,Upper Adams SD,Adams,"1,772.44","2,067.25","$9,316.63 ","$5,180.07 ",$374.47 ,"$14,871.16 ",$0.00 ,"$1,589.74 ","$16,460.91 ",9115.19
1,125239452,Upper Darby SD,Delaware,"13,442.37","15,248.73","$9,876.29 ","$4,021.08 ",$356.48 ,"$14,253.85 ",$85.27 ,$728.24 ,"$15,067.37 ",8996.09
1,115229003,Upper Dauphin Area SD,Dauphin,"1,176.98","1,386.01","$10,728.93 ","$4,865.14 ",$381.29 ,"$15,975.36 ",$0.00 ,$926.96 ,"$16,902.31 ",9789.73
1,123468303,Upper Dublin SD,Montgomery,"4,084.25","4,792.80","$13,928.14 ","$7,053.79 ",$451.93 ,"$21,433.86 ",$0.00 ,"$3,798.59 ","$25,232.44 ",14545.29
1,123468402,Upper Merion Area SD,Montgomery,"4,183.82","4,857.47","$13,969.69 ","$8,119.88 ",$501.04 ,"$22,590.61 ",$0.00 ,"$2,946.10 ","$25,536.71 ",15134.91
1,123468503,Upper Moreland Township SD,Montgomery,"3,223.54","3,736.57","$11,291.89 ","$5,980.43 ",$240.28 ,"$17,512.60 ",$2.65 ,"$2,739.40 ","$20,254.66 ",11482.7
1,123468603,Upper Perkiomen SD,Montgomery,"3,440.70","3,929.92","$10,594.49 ","$4,927.54 ",$290.42 ,"$15,812.44 ",$0.00 ,"$1,980.61 ","$17,793.05 ",10432.7
1,103029203,Upper Saint Clair SD,Allegheny,"4,129.65","4,751.46","$10,870.26 ","$7,024.39 ",$424.09 ,"$18,318.75 ",$0.00 ,"$15,986.46 ","$34,305.20 ",12068.77
1,106618603,Valley Grove SD,Venango,844.825,997.74,"$10,784.19 ","$5,147.71 ",$302.23 ,"$16,234.13 ",$165.40 ,$666.13 ,"$17,065.67 ",9685.92
1,119358403,Valley View SD,Lackawanna,"2,457.41","2,874.08","$9,612.36 ","$4,200.79 ",$249.56 ,"$14,062.71 ",$0.00 ,$289.82 ,"$14,352.54 ",8605.45
1,119648303,Wallenpaupack Area SD,Pike,"2,981.98","3,528.89","$14,699.74 ","$7,446.29 ","$1,065.54 ","$23,211.57 ",$0.00 ,"$2,353.56 ","$25,565.13 ",14686.36
1,125239603,Wallingford-Swarthmore SD,Delaware,"3,680.26","4,213.61","$12,906.71 ","$6,425.60 ",$465.05 ,"$19,797.36 ",$0.00 ,"$2,048.44 ","$21,845.81 ",13464.25
1,105628302,Warren County SD,Warren,"4,501.44","5,295.14","$9,886.48 ","$5,695.57 ",$259.58 ,"$15,841.63 ",$0.00 ,"$2,019.52 ","$17,861.15 ",8439.72
1,116498003,Warrior Run SD,Northumberland,"1,534.29","1,803.65","$8,621.24 ","$4,381.38 ",$250.15 ,"$13,252.76 ",$397.85 ,"$1,992.52 ","$15,643.14 ",8009.58
1,113369003,Warwick SD,Lancaster,"4,093.76","4,811.92","$9,877.21 ","$4,545.21 ",$372.56 ,"$14,794.98 ",$14.35 ,"$3,787.51 ","$18,596.84 ",9073.94
1,101638803,Washington SD,Washington,"1,553.86","1,800.98","$10,181.26 ","$5,325.45 ",$452.21 ,"$15,958.92 ",$0.00 ,"$2,962.27 ","$18,921.18 ",9620.77
1,105259703,Wattsburg Area SD,Erie,"1,363.91","1,594.75","$9,146.86 ","$6,445.55 ",$425.99 ,"$16,018.40 ",$0.00 ,"$2,611.51 ","$18,629.91 ",9713.09
1,119648703,Wayne Highlands SD,Wayne,"2,595.87","3,056.51","$13,053.76 ","$6,654.63 ",$470.84 ,"$20,179.23 ",$0.00 ,"$1,550.85 ","$21,730.08 ",12444.41
1,112289003,Waynesboro Area SD,Franklin,"4,523.97","5,272.03","$8,763.59 ","$3,339.46 ",$221.25 ,"$12,324.31 ",$83.27 ,$945.50 ,"$13,353.08 ",7220.2
1,121139004,Weatherly Area SD,Carbon,667.329,780.891,"$12,834.28 ","$6,991.34 ",$383.65 ,"$20,209.26 ",$3.30 ,"$2,090.38 ","$22,302.94 ",12869.39
1,117598503,Wellsboro Area SD,Tioga,"1,562.51","1,822.69","$9,139.66 ","$5,017.86 ",$283.03 ,"$14,440.55 ",$5.44 ,"$2,121.44 ","$16,567.43 ",9133.99
1,103029403,West Allegheny SD,Allegheny,"3,399.56","3,970.55","$9,397.22 ","$6,000.81 ",$502.41 ,"$15,900.43 ",$192.63 ,"$2,551.27 ","$18,644.34 ",10424.9
1,110179003,West Branch Area SD,Clearfield,"1,007.12","1,187.12","$10,402.16 ","$5,740.03 ",$441.75 ,"$16,583.95 ",$11.33 ,"$1,281.82 ","$17,877.10 ",9307.06
1,124159002,West Chester Area SD,Chester,"12,606.87","14,773.99","$11,270.68 ","$5,113.19 ",$410.91 ,"$16,794.78 ",$0.00 ,"$2,445.46 ","$19,240.23 ",11153.62
1,101308503,West Greene SD,Greene,683.291,800.38,"$14,004.07 ","$7,248.42 ",$581.18 ,"$21,833.66 ",$0.00 ,"$1,279.53 ","$23,113.20 ",13783.18
1,103029553,West Jefferson Hills SD,Allegheny,"3,133.42","3,667.33","$8,880.01 ","$5,398.51 ",$476.88 ,"$14,755.40 ","$1,470.32 ","$2,827.27 ","$19,052.98 ",10713.46
1,104437503,West Middlesex Area SD,Mercer,829.822,989.467,"$11,230.33 ","$5,502.08 ",$636.97 ,"$17,369.38 ",$0.00 ,"$1,722.05 ","$19,091.42 ",9831.36
1,103029603,West Mifflin Area SD,Allegheny,"2,576.16","3,016.18","$12,022.87 ","$6,366.17 ",$586.37 ,"$18,975.41 ",$45.81 ,"$7,031.91 ","$26,053.13 ",10315.24
1,115508003,West Perry SD,Perry,"2,482.02","2,899.25","$9,429.15 ","$5,022.68 ",$161.62 ,"$14,613.45 ",$0.00 ,"$2,208.81 ","$16,822.26 ",8676.72
1,115219002,West Shore SD,York,"7,917.25","9,033.83","$9,333.10 ","$4,698.99 ",$262.42 ,"$14,294.50 ",$78.16 ,"$1,091.30 ","$15,463.96 ",9339.12
1,112678503,West York Area SD,York,"3,275.91","3,853.07","$10,991.75 ","$5,010.34 ",$273.11 ,"$16,275.20 ",$0.00 ,"$1,402.18 ","$17,677.38 ",10435.31
1,127049303,Western Beaver County SD,Beaver,724.98,846.311,"$11,980.68 ","$6,127.07 ",$410.05 ,"$18,517.80 ",$89.68 ,$830.36 ,"$19,437.84 ",11306.44
1,119648903,Western Wayne SD,Wayne,"1,913.55","2,203.68","$13,156.77 ","$7,958.60 ",$621.76 ,"$21,737.13 ",$0.00 ,"$2,125.64 ","$23,862.77 ",12596.12
1,108118503,Westmont Hilltop SD,Cambria,"1,490.52","1,754.67","$8,531.73 ","$4,187.32 ",$417.07 ,"$13,136.12 ",$0.00 ,"$1,028.37 ","$14,164.49 ",8266.34
1,121397803,Whitehall-Coplay SD,Lehigh,"4,600.60","5,309.74","$9,442.53 ","$4,404.83 ",$284.18 ,"$14,131.54 ",$81.11 ,"$1,110.93 ","$15,323.58 ",9251.63
1,118408852,Wilkes-Barre Area SD,Luzerne,"7,944.48","9,223.65","$10,480.80 ","$3,782.70 ",$318.55 ,"$14,582.05 ",$0.00 ,"$1,533.95 ","$16,116.00 ",8654.06
1,125239652,William Penn SD,Delaware,"5,790.35","6,680.64","$11,826.93 ","$5,029.96 ",$285.35 ,"$17,142.24 ",$0.00 ,$740.10 ,"$17,882.34 ",10143.42
1,129548803,Williams Valley SD,Schuylkill,"1,071.23","1,252.03","$10,739.30 ","$4,567.72 ",$323.34 ,"$15,630.36 ",$0.00 ,$286.58 ,"$15,916.93 ",9518.71
1,108079004,Williamsburg Community SD,Blair,511.709,602.87,"$8,087.92 ","$4,814.47 ",$466.47 ,"$13,368.86 ",$0.00 ,$726.62 ,"$14,095.48 ",7608.61
1,117417202,Williamsport Area SD,Lycoming,"4,987.51","5,812.55","$10,496.07 ","$5,568.07 ",$282.33 ,"$16,346.47 ",$8.41 ,"$1,779.51 ","$18,134.39 ",8985.15
1,104378003,Wilmington Area SD,Lawrence,"1,147.94","1,358.99","$10,063.40 ","$5,531.31 ",$490.24 ,"$16,084.95 ",$409.74 ,"$2,150.61 ","$18,645.30 ",9265.85
1,120488603,Wilson Area SD,Northampton,"2,381.13","2,791.03","$10,374.38 ","$4,773.56 ",$406.36 ,"$15,554.31 ",$0.00 ,"$1,876.63 ","$17,430.94 ",10122.31
1,114069103,Wilson SD,Berks,"6,140.23","7,213.62","$9,900.41 ","$4,637.99 ",$396.58 ,"$14,934.98 ",$0.00 ,"$1,998.55 ","$16,933.52 ",9859.31
1,108569103,Windber Area SD,Somerset,"1,225.05","1,426.31","$9,221.05 ","$3,841.36 ",$477.14 ,"$13,539.55 ",$0.00 ,"$1,279.08 ","$14,818.63 ",7769.08
1,123469303,Wissahickon SD,Montgomery,"4,755.35","5,529.02","$13,987.90 ","$6,110.89 ",$428.52 ,"$20,527.31 ",$0.00 ,$976.77 ,"$21,504.09 ",13644.9
1,103029902,Woodland Hills SD,Allegheny,"4,543.82","5,271.37","$14,475.81 ","$5,387.14 ",$317.38 ,"$20,180.33 ",$0.00 ,"$1,427.93 ","$21,608.26 ",12899.15
1,117089003,Wyalusing Area SD,Bradford,"1,323.85","1,538.46","$9,500.65 ","$5,221.02 ",$328.96 ,"$15,050.62 ",$0.00 ,"$8,987.41 ","$24,038.03 ",8960.17
1,118409203,Wyoming Area SD,Luzerne,"2,279.90","2,694.65","$10,131.37 ","$4,617.74 ",$339.69 ,"$15,088.80 ",$0.00 ,"$1,120.15 ","$16,208.95 ",9114.86
1,118409302,Wyoming Valley West SD,Luzerne,"5,165.19","6,031.69","$10,903.26 ","$3,366.38 ",$190.05 ,"$14,459.69 ",$0.00 ,$538.09 ,"$14,997.79 ",8933.45
1,114069353,Wyomissing Area SD,Berks,"1,975.04","2,315.22","$10,552.19 ","$6,042.23 ",$501.02 ,"$17,095.45 ",$6.81 ,"$1,986.98 ","$19,089.24 ",11481.78
1,112679002,York City SD,York,"8,182.53","9,426.35","$12,040.21 ","$4,633.73 ",$152.36 ,"$16,826.29 ",$0.00 ,"$2,550.86 ","$19,377.15 ",10139.96
1,112679403,York Suburban SD,York,"3,193.95","3,764.65","$11,308.52 ","$4,812.93 ",$317.29 ,"$16,438.74 ",$0.00 ,"$1,698.94 ","$18,137.68 ",10856.23
1,107658903,Yough SD,Westmoreland,"1,966.34","2,311.57","$9,872.28 ","$5,344.42 ",$433.85 ,"$15,650.56 ",$0.00 ,"$1,387.86 ","$17,038.42 ",8793.75
